-- phpMyAdmin SQL Dump
-- version 4.9.0.1
-- https://www.phpmyadmin.net/
--
-- 主機： localhost:3306
-- 產生時間： 2019 年 12 月 24 日 20:40
-- 伺服器版本： 5.6.45
-- PHP 版本： 7.3.6

SET SQL_MODE = "NO_AUTO_VALUE_ON_ZERO";
SET AUTOCOMMIT = 0;
START TRANSACTION;
SET time_zone = "+00:00";


/*!40101 SET @OLD_CHARACTER_SET_CLIENT=@@CHARACTER_SET_CLIENT */;
/*!40101 SET @OLD_CHARACTER_SET_RESULTS=@@CHARACTER_SET_RESULTS */;
/*!40101 SET @OLD_COLLATION_CONNECTION=@@COLLATION_CONNECTION */;
/*!40101 SET NAMES utf8mb4 */;

--
-- 資料庫： `shouting_vhost24073`
--

-- --------------------------------------------------------

--
-- 資料表結構 `carousel`
--

CREATE TABLE `carousel` (
  `id` bigint(20) NOT NULL COMMENT '流水號',
  `image` text NOT NULL COMMENT '圖片網址',
  `url` text NOT NULL COMMENT '網址'
) ENGINE=MyISAM DEFAULT CHARSET=utf8;

--
-- 傾印資料表的資料 `carousel`
--

INSERT INTO `carousel` (`id`, `image`, `url`) VALUES
(39, '/picture/2019-12-25_08-27-33.jpg', 'http://www.seicho-no-ie.org.tw/#/'),
(37, '/picture/2019-12-25_08-34-16.jpg', 'http://www.seicho-no-ie.org.tw/#/');

-- --------------------------------------------------------

--
-- 資料表結構 `marquee`
--

CREATE TABLE `marquee` (
  `id` bigint(20) NOT NULL COMMENT '流水號',
  `text` mediumtext NOT NULL COMMENT '文字內容',
  `color` varchar(20) NOT NULL COMMENT '色碼'
) ENGINE=MyISAM DEFAULT CHARSET=utf8;

--
-- 傾印資料表的資料 `marquee`
--

INSERT INTO `marquee` (`id`, `text`, `color`) VALUES
(9, '合掌感謝！', '#1EFF00');

-- --------------------------------------------------------

--
-- 資料表結構 `page_content`
--

CREATE TABLE `page_content` (
  `id` bigint(20) NOT NULL COMMENT 'æµæ°´è™Ÿ',
  `page_group_id` bigint(20) NOT NULL COMMENT 'ç¾¤çµ„ID',
  `page_name` varchar(50) NOT NULL COMMENT 'åˆ†é åç¨±',
  `html_context` text NOT NULL COMMENT 'å…§é è³‡æ–™(html)'
) ENGINE=InnoDB DEFAULT CHARSET=utf8;

--
-- 傾印資料表的資料 `page_content`
--

INSERT INTO `page_content` (`id`, `page_group_id`, `page_name`, `html_context`) VALUES
(1, 1, '【最新訊息】', '<p><a title=\"傳道協會FB\" href=\"https://www.facebook.com/seichonoie.tw\"><img src=\"http://www.seicho-no-ie.org.tw/php/picture/2019-12-21_18-41-17.jpg\" /></a> &nbsp;</p>\n<p><span style=\"font-size: 14pt; color: #e03e2d; font-family: arial, helvetica, sans-serif;\">●官方網站重新改版，12/25~12/31為測試期間，敬請見諒！</span></p>\n<p style=\"text-align: left;\">&nbsp;</p>\n<p style=\"text-align: left;\">&nbsp;</p>\n<p style=\"text-align: left;\">&nbsp;</p>\n<table style=\"border-collapse: collapse; width: 100%; height: 107px;\" border=\"1\">\n<tbody>\n<tr style=\"height: 34px;\">\n<td style=\"width: 100%; background-color: #18a085; text-align: center; height: 34px;\"><strong><span style=\"color: #000000; font-family: arial, helvetica, sans-serif; font-size: 14pt;\"><span style=\"color: #ffffff;\">國際本部發行的影片</span></span></strong></td>\n</tr>\n<tr style=\"height: 19px;\">\n<td style=\"width: 100%; height: 19px;\"><span style=\"font-size: 14pt; font-family: arial, helvetica, sans-serif;\">●「森林中的辦公室」的故事影片 (中國語-繁體字版)</span></td>\n</tr>\n<tr style=\"height: 18px;\">\n<td style=\"width: 100%; height: 18px;\"><iframe src=\"https://players.brightcove.net/5049773559001/gjrCcgkq9_default/index.html?videoId=6001446559001\" width=\"100%\" height=\"225\" frameborder=\"0\" allowfullscreen=\"allowfullscreen\"></iframe></td>\n</tr>\n<tr style=\"height: 18px;\">\n<td style=\"width: 100%; height: 18px;\"><span style=\"font-size: 14pt; font-family: arial, helvetica, sans-serif;\">●「森林中的辦公室」的故事影片 (中國語-簡體字版)</span></td>\n</tr>\n<tr style=\"height: 18px;\">\n<td style=\"width: 100%; height: 18px;\"><iframe src=\"https://players.brightcove.net/5049773559001/gjrCcgkq9_default/index.html?videoId=5992619344001\" width=\"100%\" height=\"225\" frameborder=\"0\" allowfullscreen=\"allowfullscreen\"></iframe></td>\n</tr>\n<tr>\n<td style=\"width: 100%;\"><span style=\"font-size: 14pt; font-family: arial, helvetica, sans-serif;\">●從餐桌帶來和平</span></td>\n</tr>\n<tr>\n<td style=\"width: 100%;\"><iframe src=\"//www.youtube.com/embed/V4LhnGIPZt4\" width=\"100%\" height=\"225\" allowfullscreen=\"allowfullscreen\"></iframe></td>\n</tr>\n</tbody>\n</table>\n<p>&nbsp;</p>'),
(2, 3, '生長之家的沿革及概要', '<table style=\"border-collapse: collapse; width: 100%; height: 797px;\" border=\"1\">\n<tbody>\n<tr style=\"height: 40px;\">\n<td style=\"height: 40px; width: 100%; background-color: #bfedd2; text-align: center;\" colspan=\"2\"><span style=\"color: #0003ff;\"><span style=\"color: #0025ff;\"><span style=\"font-size: 24px;\"><strong>生長之家的沿革</strong></span></span></span></td>\n</tr>\n<tr style=\"height: 434px;\">\n<td style=\"width: 200.001%; height: 434px;\" colspan=\"2\">\n<p><span style=\"font-size: 14pt; color: #000000; font-family: arial, helvetica, sans-serif;\">&nbsp; &nbsp; &nbsp; &nbsp;&nbsp;1930年3月1日，世界宗教界發生了一件很有意義的事，那就是谷口雅春先生創辦了以「生長之家」為名的月刊雜誌。這本雜誌是谷口雅春先生長年研究世界多 種宗教與哲學，及嚴謹地追求真理的努力結晶。單單讀了這一本月刊雜誌，其裏面所寫的話，便使得讀者改變了人生。大多數的讀者，因而開悟了自己生命的尊貴及 天地萬物生命的偉大，結果有的疾病痊癒了、有的家庭變得調和了、有的自己的能力被開發了，因而很多才能展現出來;有的則事業繁榮起來。因此，這本雜誌創刊 的日期，就被定為生長之家的立教之日。</span></p>\n<p><span style=\"color: #000000; font-size: 14pt; font-family: arial, helvetica, sans-serif;\">&nbsp; &nbsp; &nbsp; &nbsp; 生長之家立教之後，在長達半個世紀以上的時光，谷口雅春先生精力充沛不辭辛勞地獻身於傳達「神的話語」的活動。經由寫作、演講、廣播等，谷口雅春先生救了 無數的人。由於他的豐功偉業，因而被稱為「日本奇蹟的人」(Miracle Man of Japan)</span></p>\n<p><span style=\"color: #000000; font-size: 14pt; font-family: arial, helvetica, sans-serif;\">&nbsp; &nbsp; &nbsp; &nbsp; 1985年6月17日，谷口雅春先生以91歲的高齡離開人世，而由谷口清超先生繼承了谷口雅春先生所點燃的生長之家法燈。谷口清超先生在繼任生長之家總裁 後，透過為數眾多的著作與演講，闡揚生長之家的教義，每天致力於生長之家的運動與組織的發展。</span></p>\n<p><span style=\"color: #000000; font-size: 14pt; font-family: arial, helvetica, sans-serif;\">&nbsp; &nbsp; &nbsp; &nbsp; 又，谷口清超先生之次子谷口雅宣先生（時任生長之家副總裁），也在傳播這人類福音的真理。谷口雅宣先生終日忙碌於撰寫文稿與各種行事之指導中，仍為日本國 內五十九個大都市一年一度（為了推行環境保護運動，近年改為兩年一度）各別舉行的「生長之家講習會」作指導。而且，不僅於日本國內，谷口雅宣先生亦於 1992年赴美國及加拿大、翌年1993年赴南美之巴西、繼而於1994年再度赴美、1995年赴中華民國及香港，宣揚生長之家的真理。</span></p>\n<p><span style=\"font-size: 14pt; color: #000000; font-family: arial, helvetica, sans-serif;\">&nbsp; &nbsp; &nbsp; &nbsp; 2008年10月28日，谷口清超先生結束了於人間傳道的使命，以89歲的高齡辭世。其後由谷口雅宣先生在2009年3月1日，於生長之家總本山（位於日 本長崎縣西海市）舉行的「生長之家總裁法燈繼承祭」中，接下了總裁的職務。</span></p>\n<p><span style=\"font-size: 14pt; font-family: arial, helvetica, sans-serif;\">&nbsp; &nbsp; &nbsp; &nbsp; 由谷口雅春先生創始的生長之家人類光明化運動，現在正透過谷口雅宣先生熱情洋溢的指導與活動，「國際和平信仰運動」正不斷地擴展於日本以及北美、中南美， 歐洲、大洋洲、亞洲以致於世界各國。&nbsp;</span></p>\n</td>\n</tr>\n<tr style=\"height: 41px;\">\n<td style=\"width: 200.001%; height: 41px; background-color: #bfedd2; text-align: center;\" colspan=\"2\"><span style=\"font-size: 18pt;\"><strong style=\"text-align: center;\"><span style=\"color: #0025ff;\">生長之家的概要</span></strong></span></td>\n</tr>\n<tr style=\"height: 27px;\">\n<td style=\"width: 29.4826%; text-align: center; height: 27px; background-color: #bfedd2;\"><span style=\"font-size: 14pt;\"><strong>名稱</strong></span></td>\n<td style=\"width: 170.519%; height: 27px;\"><span style=\"font-size: 14pt; font-family: arial, helvetica, sans-serif;\">生長之家</span></td>\n</tr>\n<tr style=\"height: 27px;\">\n<td style=\"width: 29.4826%; text-align: center; height: 27px; background-color: #bfedd2;\"><span style=\"font-size: 14pt;\"><strong>立教</strong></span></td>\n<td style=\"width: 170.519%; height: 27px;\"><span style=\"font-size: 14pt; font-family: arial, helvetica, sans-serif;\">1930年3月1日</span></td>\n</tr>\n<tr style=\"height: 27px;\">\n<td style=\"width: 29.4826%; text-align: center; height: 27px; background-color: #bfedd2;\"><span style=\"font-size: 14pt;\"><strong>創始者</strong></span></td>\n<td style=\"width: 170.519%; height: 27px;\"><span style=\"font-size: 14pt; font-family: arial, helvetica, sans-serif;\">谷口雅春 先生</span></td>\n</tr>\n<tr style=\"height: 27px;\">\n<td style=\"width: 29.4826%; text-align: center; height: 27px; background-color: #bfedd2;\"><span style=\"font-size: 14pt;\"><strong>前任總裁</strong></span></td>\n<td style=\"width: 170.519%; height: 27px;\"><span style=\"font-size: 14pt; font-family: arial, helvetica, sans-serif;\">谷口清超 先生 (第二任總裁)</span></td>\n</tr>\n<tr style=\"height: 27px;\">\n<td style=\"width: 29.4826%; text-align: center; height: 27px; background-color: #bfedd2;\"><span style=\"font-size: 14pt;\"><strong>現任總裁</strong></span></td>\n<td style=\"width: 170.519%; height: 27px;\"><span style=\"font-size: 14pt; font-family: arial, helvetica, sans-serif;\">谷口雅宣 先生(第三任總裁)</span></td>\n</tr>\n<tr style=\"height: 31px;\">\n<td style=\"width: 29.4826%; text-align: center; height: 31px; background-color: #bfedd2;\"><span style=\"font-size: 14pt;\"><strong>本尊</strong></span></td>\n<td style=\"width: 170.519%; height: 31px;\"><span style=\"font-size: 14pt; font-family: arial, helvetica, sans-serif;\">暫稱為生長之家大神，在教義中因生長之家係「大宇宙」之別名，故視其為大宇宙之本體者之顯現或化身。所有正信宗教之拯救的本尊，不論任何稱為之神佛，皆作為本宗教之本尊而禮拜之。</span></td>\n</tr>\n<tr style=\"height: 27px;\">\n<td style=\"width: 29.4826%; text-align: center; height: 27px; background-color: #bfedd2;\"><span style=\"font-size: 14pt;\"><strong>信徒數</strong></span></td>\n<td style=\"width: 170.519%; height: 27px;\"><span style=\"font-size: 14pt; font-family: arial, helvetica, sans-serif;\">1,511,859人(日本国内：521,100人／日本以外：990,759人)</span></td>\n</tr>\n<tr style=\"height: 27px;\">\n<td style=\"width: 29.4826%; text-align: center; height: 27px; background-color: #bfedd2;\"><span style=\"font-size: 14pt;\"><strong>講師數</strong></span></td>\n<td style=\"width: 170.519%; height: 27px;\"><span style=\"font-size: 14pt; font-family: arial, helvetica, sans-serif;\">27,844人(日本国内：21,085人／日本以外：6,759人)</span></td>\n</tr>\n<tr style=\"height: 27px;\">\n<td style=\"width: 29.4826%; text-align: center; height: 27px; background-color: #bfedd2;\"><span style=\"font-size: 14pt;\"><strong>傳道設施</strong></span></td>\n<td style=\"width: 170.519%; height: 27px;\"><span style=\"font-size: 14pt; font-family: arial, helvetica, sans-serif;\">440處(日本國内 125處／日本以外 315處)</span></td>\n</tr>\n<tr style=\"height: 35px;\">\n<td style=\"width: 200.001%; height: 35px;\" colspan=\"2\"><span style=\"font-size: 12pt;\">※以上信徒、講師、傳道設施之統計數字為2014年12月31日為止所統計。</span></td>\n</tr>\n</tbody>\n</table>\n<p>&nbsp;</p>'),
(3, 3, '教義', '<p>&nbsp;</p>\n<table style=\"border-collapse: collapse; width: 100%; height: 395px; border-color: #18a085;\" border=\"1\">\n<tbody>\n<tr style=\"height: 23px;\">\n<td style=\"width: 100%; background-color: #bfedd2; height: 23px; text-align: center;\"><span style=\"font-size: 18pt; color: #0003ff;\"><strong>唯 神 實 相</strong></span></td>\n</tr>\n<tr style=\"height: 46px;\">\n<td style=\"width: 100%; height: 108px;\"><span style=\"color: #0000ff; font-size: 14pt; font-family: arial, helvetica, sans-serif;\">生長之家的教義亦稱為「唯神實相哲學」，其中心思想大致分為「縱的真理」與「橫的真理」。所謂「縱的真理」，即人本來就是神的最高自我顯現，是如來，是無限生 命、無限智慧、無限愛、充滿一切善德永遠不滅的存在，這就是人的實相（真正的形相）。因而，生長之家否定人的原罪，否定罪的存在，認為不但耶穌基督是神 子，所有的人都是神子。</span></td>\n</tr>\n<tr style=\"height: 23px;\">\n<td style=\"width: 100%; background-color: #bfedd2; height: 23px; text-align: center;\"><span style=\"font-size: 18pt; color: #0003ff;\"><strong>唯 心 所 現</strong></span></td>\n</tr>\n<tr style=\"height: 18px;\">\n<td style=\"width: 100%; height: 100px;\"><span style=\"color: #0000ff; font-size: 18.6667px; font-family: arial, helvetica, sans-serif;\">所謂「橫的真理」，就是指現象界（現實的世界）是唯心所現的世界，隨著心的狀態，能自由自在地顯現出貧窮或富裕，健康或不健康，不幸或幸福。因而，得知此 真理，相信且觀想實相的完全，則一切的不幸與疾病就會消失，明確地顯現出完全而無限幸福的世界。為此，生長之家以「心的法則」闡明此原理。</span></td>\n</tr>\n<tr style=\"height: 23px;\">\n<td style=\"width: 100%; background-color: #bfedd2; height: 23px; text-align: center;\"><span style=\"font-size: 18pt; color: #0003ff;\"><strong>萬 教 歸 一</strong></span></td>\n</tr>\n<tr style=\"height: 18px;\">\n<td style=\"width: 100%; height: 118px;\"><span style=\"color: #0000ff; font-size: 18.6667px; font-family: arial, helvetica, sans-serif;\">與「縱的真理」及「橫的真理」同樣重要的是「萬教歸一」的真理。所有正統宗教本來皆起源於唯一的神（創造神），雖然隨著時代與地區的需要，產生各種宗教闡 明了真理，然而這些宗教皆為本源之神的拯救的光線，所有正統宗教其根本是一樣的。生長之家不但理論性地闡明此真理，而且更是各宗教創始當時所持有的新鮮活 潑的力量復活，進而讓此活生生的真理復甦於現代。</span></td>\n</tr>\n</tbody>\n</table>\n<p>&nbsp;</p>'),
(4, 4, '規章類', '<p>規章類</p>'),
(5, 2, '年度主要行事', '<h2 style=\"text-align: left;\"><span style=\"font-size: 14pt; color: #e74c3c;\"><strong><span style=\"font-size: 18pt; font-family: arial, helvetica, sans-serif;\">&nbsp; &nbsp; &nbsp; &nbsp; &nbsp; &nbsp; &nbsp; &nbsp; &nbsp; &nbsp; &nbsp; &nbsp; &nbsp; &nbsp; &nbsp; &nbsp;109年年度主要行事</span></strong></span></h2>\n<div>\n<table style=\"border-collapse: collapse; width: 0%; height: 745px; background-color: #f1f6fe; border-color: #2880b9; border-style: solid;\" border=\"1\">\n<tbody>\n<tr style=\"height: 15px;\">\n<td style=\"width: 6.9915%; height: 30px; text-align: center;\"><span style=\"color: #2880b9; font-family: arial, helvetica, sans-serif; font-size: 14pt;\"><strong>月份</strong></span></td>\n<td style=\"width: 13.5114%; height: 30px; text-align: center;\"><span style=\"color: #2880b9; font-family: arial, helvetica, sans-serif; font-size: 14pt;\"><strong>日期</strong></span></td>\n<td style=\"width: 39.0275%; height: 30px; text-align: center;\"><span style=\"color: #2880b9; font-family: arial, helvetica, sans-serif; font-size: 14pt;\"><strong>主要行事</strong></span></td>\n<td style=\"width: 168.191%; height: 30px; text-align: center;\"><span style=\"color: #2880b9; font-family: arial, helvetica, sans-serif; font-size: 14pt;\"><strong>地點</strong></span></td>\n</tr>\n<tr style=\"height: 15px;\">\n<td style=\"width: 6.9915%; height: 30px; text-align: center;\"><span style=\"font-size: 14pt; font-family: arial, helvetica, sans-serif;\">一月</span></td>\n<td style=\"width: 13.5114%; height: 30px;\"><span style=\"font-family: arial, helvetica, sans-serif; font-size: 14pt;\">8(三)</span></td>\n<td style=\"width: 39.0275%; height: 30px;\"><span style=\"font-size: 14pt; font-family: arial, helvetica, sans-serif;\">台南會館奉堂落慶祭與紀念行事</span></td>\n<td style=\"width: 168.191%; height: 30px;\"><span style=\"font-size: 14pt; font-family: arial, helvetica, sans-serif;\">台南會館(台南市成功路50號8樓之9)</span></td>\n</tr>\n<tr style=\"height: 15px;\">\n<td style=\"width: 6.9915%; height: 30px; text-align: center;\"><span style=\"font-size: 14pt; font-family: arial, helvetica, sans-serif;\">二月</span></td>\n<td style=\"width: 13.5114%; height: 30px;\"><span style=\"font-family: arial, helvetica, sans-serif; font-size: 14pt;\">2(日)</span></td>\n<td style=\"width: 39.0275%; height: 30px;\"><span style=\"font-size: 14pt; font-family: arial, helvetica, sans-serif;\">春節團拜</span></td>\n<td style=\"width: 168.191%; height: 30px;\"><span style=\"font-size: 14pt; font-family: arial, helvetica, sans-serif;\">協會講堂及台中、高雄教化支部會館(視訊連線)</span></td>\n</tr>\n<tr style=\"height: 15px;\">\n<td style=\"width: 6.9915%; height: 30px; text-align: center;\" rowspan=\"5\"><span style=\"font-size: 14pt; font-family: arial, helvetica, sans-serif;\">三月</span></td>\n<td style=\"width: 13.5114%; height: 30px;\"><span style=\"font-family: arial, helvetica, sans-serif; font-size: 14pt;\">1(日)</span></td>\n<td style=\"width: 39.0275%; height: 30px;\"><span style=\"font-size: 14pt; font-family: arial, helvetica, sans-serif;\">立教紀念日‧生長之家總裁法燈繼承紀念典禮</span></td>\n<td style=\"width: 168.191%; height: 30px;\"><span style=\"font-size: 14pt; font-family: arial, helvetica, sans-serif;\">總本山視訊&rarr;協會講堂</span></td>\n</tr>\n<tr style=\"height: 15px;\">\n<td style=\"width: 13.5114%; height: 30px;\"><span style=\"font-family: arial, helvetica, sans-serif; font-size: 14pt;\">7(六)～8(日)</span></td>\n<td style=\"width: 39.0275%; height: 30px;\"><span style=\"font-size: 14pt; font-family: arial, helvetica, sans-serif;\">青少年練成會輔導幹部養成訓練營</span></td>\n<td style=\"width: 168.191%; height: 30px;\"><span style=\"font-size: 14pt; font-family: arial, helvetica, sans-serif;\">台北教化支部會館</span></td>\n</tr>\n<tr style=\"height: 15px;\">\n<td style=\"width: 13.5114%; height: 30px;\"><span style=\"font-family: arial, helvetica, sans-serif; font-size: 14pt;\">11(三)</span></td>\n<td style=\"width: 39.0275%; height: 30px;\"><span style=\"font-size: 14pt; font-family: arial, helvetica, sans-serif;\">神‧自然‧人之大調和祈念祭</span></td>\n<td style=\"width: 168.191%; height: 30px;\"><span style=\"font-size: 14pt; font-family: arial, helvetica, sans-serif;\">國際本部視訊&rarr;協會講堂</span></td>\n</tr>\n<tr style=\"height: 15px;\">\n<td style=\"width: 13.5114%; height: 30px;\"><span style=\"font-family: arial, helvetica, sans-serif; font-size: 14pt;\">15(日)</span></td>\n<td style=\"width: 39.0275%; height: 30px;\"><span style=\"font-size: 14pt; font-family: arial, helvetica, sans-serif;\">第12屆第2次會員大會</span></td>\n<td style=\"width: 168.191%; height: 30px;\"><span style=\"font-size: 14pt; font-family: arial, helvetica, sans-serif;\">傳道協會講堂</span></td>\n</tr>\n<tr style=\"height: 15px;\">\n<td style=\"width: 13.5114%; height: 30px;\"><span style=\"font-family: arial, helvetica, sans-serif; font-size: 14pt;\">22(日)</span></td>\n<td style=\"width: 39.0275%; height: 30px;\"><span style=\"font-family: arial, helvetica, sans-serif; font-size: 14pt;\">清明節前祖先大供養祭</span></td>\n<td style=\"width: 168.191%; height: 30px;\"><span style=\"font-family: arial, helvetica, sans-serif; font-size: 14pt;\">三教化支部會館</span></td>\n</tr>\n<tr style=\"height: 15px;\">\n<td style=\"width: 6.9915%; height: 30px; text-align: center;\" rowspan=\"2\"><span style=\"font-size: 14pt; font-family: arial, helvetica, sans-serif;\">四月</span></td>\n<td style=\"width: 13.5114%; height: 30px;\"><span style=\"font-family: arial, helvetica, sans-serif; font-size: 14pt;\">7(二)</span></td>\n<td style=\"width: 39.0275%; height: 30px;\"><span style=\"font-family: arial, helvetica, sans-serif; font-size: 14pt;\">幹部物故者慰靈祭</span></td>\n<td style=\"width: 168.191%; height: 30px;\"><span style=\"font-family: arial, helvetica, sans-serif; font-size: 14pt;\">協會視訊&rarr;台中、高雄教化支部</span></td>\n</tr>\n<tr style=\"height: 15px;\">\n<td style=\"width: 13.5114%; height: 30px;\"><span style=\"font-family: arial, helvetica, sans-serif; font-size: 14pt;\">24(五)</span></td>\n<td style=\"width: 39.0275%; height: 30px;\"><span style=\"font-family: arial, helvetica, sans-serif; font-size: 14pt;\">谷口輝子聖姉32年祭</span></td>\n<td style=\"width: 168.191%; height: 30px;\"><span style=\"font-family: arial, helvetica, sans-serif; font-size: 14pt;\">總本山Live&rarr;協會視訊&rarr;台中、高雄教化支部</span></td>\n</tr>\n<tr style=\"height: 15px;\">\n<td style=\"width: 6.9915%; height: 30px; text-align: center;\" rowspan=\"4\"><span style=\"font-size: 14pt; font-family: arial, helvetica, sans-serif;\">五月</span></td>\n<td style=\"width: 13.5114%; height: 30px;\"><span style=\"font-family: arial, helvetica, sans-serif; font-size: 14pt;\">1(五)～3(日)</span></td>\n<td style=\"width: 39.0275%; height: 30px;\"><span style=\"font-family: arial, helvetica, sans-serif; font-size: 14pt;\">第68回神性開發練成會</span></td>\n<td style=\"width: 168.191%; height: 30px;\"><span style=\"font-family: arial, helvetica, sans-serif; font-size: 14pt;\">長庚文化養生村</span></td>\n</tr>\n<tr style=\"height: 15px;\">\n<td style=\"width: 13.5114%; height: 30px;\"><span style=\"font-family: arial, helvetica, sans-serif; font-size: 14pt;\">16(六)、17(日)</span></td>\n<td style=\"width: 39.0275%; height: 30px;\"><span style=\"font-family: arial, helvetica, sans-serif; font-size: 14pt;\">生長之家演講會</span></td>\n<td style=\"width: 168.191%; height: 30px;\">&nbsp;</td>\n</tr>\n<tr style=\"height: 15px;\">\n<td style=\"width: 13.5114%; height: 30px;\"><span style=\"font-family: arial, helvetica, sans-serif; font-size: 14pt;\">23(六)、24(日)</span></td>\n<td style=\"width: 39.0275%; height: 30px;\"><span style=\"font-family: arial, helvetica, sans-serif; font-size: 14pt;\">生長之家演講會</span></td>\n<td style=\"width: 168.191%; height: 30px;\">&nbsp;</td>\n</tr>\n<tr style=\"height: 15px;\">\n<td style=\"width: 13.5114%; height: 30px;\"><span style=\"font-family: arial, helvetica, sans-serif; font-size: 14pt;\">30(六)</span></td>\n<td style=\"width: 39.0275%; height: 30px;\"><span style=\"font-family: arial, helvetica, sans-serif; font-size: 14pt;\">生長之家演講會</span></td>\n<td style=\"width: 168.191%; height: 30px;\">&nbsp;</td>\n</tr>\n<tr style=\"height: 15px;\">\n<td style=\"width: 6.9915%; height: 30px; text-align: center;\"><span style=\"font-size: 14pt; font-family: arial, helvetica, sans-serif;\">六月</span></td>\n<td style=\"width: 13.5114%; height: 30px;\"><span style=\"font-family: arial, helvetica, sans-serif; font-size: 14pt;\">17(三)</span></td>\n<td style=\"width: 39.0275%; height: 30px;\"><span style=\"font-family: arial, helvetica, sans-serif; font-size: 14pt;\">谷口雅春大聖師35年祭</span></td>\n<td style=\"width: 168.191%; height: 30px;\"><span style=\"font-family: arial, helvetica, sans-serif; font-size: 14pt;\">總本山Live&rarr;協會視訊&rarr;台中、高雄教化支部</span></td>\n</tr>\n<tr style=\"height: 15px;\">\n<td style=\"width: 6.9915%; height: 30px; text-align: center;\" rowspan=\"4\"><span style=\"font-size: 14pt; font-family: arial, helvetica, sans-serif;\">七月</span></td>\n<td style=\"width: 13.5114%; height: 30px;\"><span style=\"font-family: arial, helvetica, sans-serif; font-size: 14pt;\">5(日)</span></td>\n<td style=\"width: 39.0275%; height: 30px;\"><span style=\"font-family: arial, helvetica, sans-serif; font-size: 14pt;\">盂蘭盆供養大祭前祖先大供養祭</span></td>\n<td style=\"width: 168.191%; height: 30px;\"><span style=\"font-family: arial, helvetica, sans-serif; font-size: 14pt;\">三教化支部會館</span></td>\n</tr>\n<tr style=\"height: 15px;\">\n<td style=\"width: 13.5114%; height: 30px;\"><span style=\"font-family: arial, helvetica, sans-serif; font-size: 14pt;\">7(二)</span></td>\n<td style=\"width: 39.0275%; height: 30px;\"><span style=\"font-family: arial, helvetica, sans-serif; font-size: 14pt;\">萬教包容祭</span></td>\n<td style=\"width: 168.191%; height: 30px;\"><span style=\"font-family: arial, helvetica, sans-serif; font-size: 14pt;\">國際本部Live&rarr;協會視訊&rarr;台中、高雄教化支部</span></td>\n</tr>\n<tr style=\"height: 15px;\">\n<td style=\"width: 13.5114%; height: 30px;\"><span style=\"font-family: arial, helvetica, sans-serif; font-size: 14pt;\">10(五)～12(日)</span></td>\n<td style=\"width: 39.0275%; height: 30px;\"><span style=\"font-family: arial, helvetica, sans-serif; font-size: 14pt;\">夏季青少年練成會</span></td>\n<td style=\"width: 168.191%; height: 30px;\"><span style=\"font-family: arial, helvetica, sans-serif; font-size: 14pt;\">台北</span></td>\n</tr>\n<tr style=\"height: 15px;\">\n<td style=\"width: 13.5114%; height: 30px;\"><span style=\"font-family: arial, helvetica, sans-serif; font-size: 14pt;\">26(日)</span></td>\n<td style=\"width: 39.0275%; height: 30px;\"><span style=\"font-family: arial, helvetica, sans-serif; font-size: 14pt;\">自行車活動(Event 台中)</span></td>\n<td style=\"width: 168.191%; height: 30px;\"><span style=\"font-family: arial, helvetica, sans-serif; font-size: 14pt;\">台中</span></td>\n</tr>\n<tr style=\"height: 15px;\">\n<td style=\"width: 6.9915%; height: 30px; text-align: center;\" rowspan=\"2\"><span style=\"font-size: 14pt; font-family: arial, helvetica, sans-serif;\">八月</span></td>\n<td style=\"width: 13.5114%; height: 30px;\"><span style=\"font-family: arial, helvetica, sans-serif; font-size: 14pt;\">4(二)</span></td>\n<td style=\"width: 39.0275%; height: 30px;\"><span style=\"font-family: arial, helvetica, sans-serif; font-size: 14pt;\">靈牌供送祭</span></td>\n<td style=\"width: 168.191%; height: 30px;\"><span style=\"font-family: arial, helvetica, sans-serif; font-size: 14pt;\">傳道協會講堂</span></td>\n</tr>\n<tr style=\"height: 15px;\">\n<td style=\"width: 13.5114%; height: 30px;\"><span style=\"font-family: arial, helvetica, sans-serif; font-size: 14pt;\">7(五)～9(日)</span></td>\n<td style=\"width: 39.0275%; height: 30px;\"><span style=\"font-family: arial, helvetica, sans-serif; font-size: 14pt;\">第6回親子練成會</span></td>\n<td style=\"width: 168.191%; height: 30px;\"><span style=\"font-family: arial, helvetica, sans-serif; font-size: 14pt;\">台中</span></td>\n</tr>\n<tr style=\"height: 15px;\">\n<td style=\"width: 6.9915%; height: 30px; text-align: center;\"><span style=\"font-size: 14pt; font-family: arial, helvetica, sans-serif;\">九月</span></td>\n<td style=\"width: 13.5114%; height: 30px;\">&nbsp;</td>\n<td style=\"width: 39.0275%; height: 30px;\">&nbsp;</td>\n<td style=\"width: 168.191%; height: 30px;\">&nbsp;</td>\n</tr>\n<tr style=\"height: 15px;\">\n<td style=\"width: 6.9915%; height: 30px; text-align: center;\" rowspan=\"2\"><span style=\"font-size: 14pt; font-family: arial, helvetica, sans-serif;\">十月</span></td>\n<td style=\"width: 13.5114%; height: 30px;\"><span style=\"font-family: arial, helvetica, sans-serif; font-size: 14pt;\">2(五)～4(日)</span></td>\n<td style=\"width: 39.0275%; height: 30px;\"><span style=\"font-family: arial, helvetica, sans-serif; font-size: 14pt;\">第69回神性開發練成會</span></td>\n<td style=\"width: 168.191%; height: 30px;\"><span style=\"font-family: arial, helvetica, sans-serif; font-size: 14pt;\">台中</span></td>\n</tr>\n<tr style=\"height: 15px;\">\n<td style=\"width: 13.5114%; height: 30px;\"><span style=\"font-family: arial, helvetica, sans-serif; font-size: 14pt;\">28(三)</span></td>\n<td style=\"width: 39.0275%; height: 30px;\"><span style=\"font-family: arial, helvetica, sans-serif; font-size: 14pt;\">谷口清超大聖師12年祭</span></td>\n<td style=\"width: 168.191%; height: 30px;\"><span style=\"font-family: arial, helvetica, sans-serif; font-size: 14pt;\">總本山Live&rarr;協會視訊&rarr;台中、高雄教化支部</span></td>\n</tr>\n<tr style=\"height: 15px;\">\n<td style=\"width: 6.9915%; height: 30px; text-align: center;\" rowspan=\"3\"><span style=\"font-size: 14pt; font-family: arial, helvetica, sans-serif;\">十一月</span></td>\n<td style=\"width: 13.5114%; height: 30px;\"><span style=\"font-family: arial, helvetica, sans-serif; font-size: 14pt;\">7(六)～8(日)</span></td>\n<td style=\"width: 39.0275%; height: 30px;\"><span style=\"font-family: arial, helvetica, sans-serif; font-size: 14pt;\">第14回全國幹部研修會</span></td>\n<td style=\"width: 168.191%; height: 30px;\"><span style=\"font-family: arial, helvetica, sans-serif; font-size: 14pt;\">高雄</span></td>\n</tr>\n<tr style=\"height: 15px;\">\n<td style=\"width: 13.5114%; height: 30px;\"><span style=\"font-family: arial, helvetica, sans-serif; font-size: 14pt;\">21(六)</span></td>\n<td style=\"width: 39.0275%; height: 30px;\"><span style=\"font-family: arial, helvetica, sans-serif; font-size: 14pt;\">自然恩惠Festa</span></td>\n<td style=\"width: 168.191%; height: 30px;\"><span style=\"font-family: arial, helvetica, sans-serif; font-size: 14pt;\">台北/台中/高雄</span></td>\n</tr>\n<tr style=\"height: 15px;\">\n<td style=\"width: 13.5114%; height: 30px;\"><span style=\"font-family: arial, helvetica, sans-serif; font-size: 14pt;\">22(日)</span></td>\n<td style=\"width: 39.0275%; height: 30px;\"><span style=\"font-family: arial, helvetica, sans-serif; font-size: 14pt;\">谷口雅春大聖師127歲誕辰紀念典禮</span></td>\n<td style=\"width: 168.191%; height: 30px;\"><span style=\"font-family: arial, helvetica, sans-serif; font-size: 14pt;\">總本山Live&rarr;協會視訊&rarr;台中、高雄教化支部</span></td>\n</tr>\n<tr style=\"height: 15px;\">\n<td style=\"width: 6.9915%; height: 30px; text-align: center;\"><span style=\"font-size: 14pt; font-family: arial, helvetica, sans-serif;\">十二月</span></td>\n<td style=\"width: 13.5114%; height: 30px;\"><span style=\"font-family: arial, helvetica, sans-serif; font-size: 14pt;\">11(五)～13(日)</span></td>\n<td style=\"width: 39.0275%; height: 30px;\"><span style=\"font-family: arial, helvetica, sans-serif; font-size: 14pt;\">第11回青年練成會</span></td>\n<td style=\"width: 168.191%; height: 30px;\"><span style=\"font-family: arial, helvetica, sans-serif; font-size: 14pt;\">高雄</span></td>\n</tr>\n</tbody>\n</table>\n<p>&nbsp;</p>\n</div>'),
(6, 3, '關於本會', '<div>\n<table style=\"border-collapse: collapse; width: 100%; height: 130px;\" border=\"1\">\n<tbody>\n<tr style=\"height: 30px;\">\n<td style=\"width: 100%; background-color: #bfedd2; height: 30px; text-align: center;\"><span style=\"font-family: arial, helvetica, sans-serif;\"><strong><span style=\"color: #0025ff; font-size: 18pt;\">宗&nbsp; 旨</span></strong></span></td>\n</tr>\n<tr style=\"height: 30px;\">\n<td style=\"height: 30px;\">\n<p><span style=\"font-size: 14pt; font-family: arial, helvetica, sans-serif;\">根據本會章程第二條：「本會為依法設立，非以營利與政治為目的之社會團體，以在總攬生長之家教義之該宗教中心者生長之家總裁的指導之下，傳播谷口雅春大聖師所創始之生長之家教義，使人人了悟生命的實相，自覺自己是神子、佛子，藉以貢獻社會光明化為宗旨。」</span></p>\n</td>\n</tr>\n<tr style=\"height: 30px;\">\n<td style=\"width: 100%; background-color: #bfedd2; height: 30px; text-align: center;\"><span style=\"color: #0025ff; font-family: arial, helvetica, sans-serif;\"><strong><span style=\"font-size: 18pt;\">簡&nbsp; 介</span></strong></span></td>\n</tr>\n<tr style=\"height: 30px;\">\n<td style=\"height: 30px;\">\n<p><span style=\"font-size: 14pt; font-family: arial, helvetica, sans-serif;\">本會為「日本國宗教法人生長の家」所承認之連盟團體，為生長之家在中華民國之唯一代表團體（生長之家中華民國傳道本部），本會之任務根據本會章程第五條：「本會以下列『<strong><span style=\"color: #000000;\">生長之家七條光明宣言</span></strong>』為達成目的之實行目標，傳播谷口雅春大聖師及其法燈繼承者生長之家總裁所總攬之教義，並執行生長之家教規所規定之儀式、行事，以教化培養信徒為任務，及辦理必要的業務及事業。」</span></p>\n</td>\n</tr>\n<tr style=\"height: 10px;\">\n<td style=\"width: 100%; height: 5px;\">\n<p style=\"text-align: center;\"><span style=\"font-size: 12pt; font-family: arial, helvetica, sans-serif;\"><span style=\"color: #ff0000;\">立案證書字號：內政部台內社字第8190376號函核准立案</span></span></p>\n</td>\n</tr>\n</tbody>\n</table>\n</div>\n<div>&nbsp;</div>\n<div><span style=\"color: #000000; font-size: large;\"><span style=\"color: #000000; font-size: large;\"><span style=\"color: #ff0000; font-size: x-large;\"><span style=\"font-size: medium;\">&nbsp;</span></span></span></span>\n<table style=\"border-collapse: collapse; width: 100%; height: 638px;\" border=\"1\">\n<tbody>\n<tr style=\"height: 30px;\">\n<td style=\"width: 100%; height: 35px; background-color: #bfedd2; text-align: center;\"><strong><span style=\"font-size: 18pt; color: #0003ff;\">生長之家七條光明宣言</span></strong></td>\n</tr>\n<tr style=\"height: 239px;\">\n<td style=\"width: 100%; height: 239px;\">\n<p><span style=\"font-size: 14pt; font-family: arial, helvetica, sans-serif;\">一、我們期望超越宗教宗派，敬拜生命，順應生命的法則而生活。</span><br /><span style=\"font-size: 14pt; font-family: arial, helvetica, sans-serif;\">二、我們相信生命顯現的法則是無限生長之道，而在個人裡面的生命是不死的。</span><br /><span style=\"font-size: 14pt; font-family: arial, helvetica, sans-serif;\">三、我們為了使人類邁向無限生長之真道，而研究發表生命創化的法則。</span><br /><span style=\"font-size: 14pt; font-family: arial, helvetica, sans-serif;\">四、我們相信生命的糧食就是愛，而祈禱、愛語和讚美是實現愛的語言創化力。</span><br /><span style=\"font-size: 14pt; font-family: arial, helvetica, sans-serif;\">五、我們相信自己就是神子，有無限的可能性，運用語言的創化力可以達到大自在的境地。</span><br /><span style=\"font-size: 14pt; font-family: arial, helvetica, sans-serif;\">六、我們為了以良好語言的創化力，來改善人類的命運，而透過語言的著述、出、講習、演講、廣播、電視及其他一切文化設施來傳播教義。</span><br /><span style=\"font-size: 14pt; font-family: arial, helvetica, sans-serif;\">七、我們為了以正確的人生觀、正確的生活法及正確的教育法來克服病苦和其他一切的人生苦，在地上建設相愛協力的天國，而展開實際的運動。</span></p>\n</td>\n</tr>\n<tr style=\"height: 18px;\">\n<td style=\"width: 100%; height: 36px; background-color: #bfedd2; text-align: center;\"><span style=\"color: #0003ff;\"><strong><span style=\"font-size: 18pt;\">生長之家信徒行持要目</span></strong></span></td>\n</tr>\n<tr style=\"height: 328px;\">\n<td style=\"width: 100%; text-align: left; height: 328px;\">\n<p><span style=\"font-size: 14pt; font-family: arial, helvetica, sans-serif;\">一、要感謝天地一切萬物。</span></p>\n<p><span style=\"font-size: 14pt; font-family: arial, helvetica, sans-serif;\">二、要珍惜本性的心。</span></p>\n<p><span style=\"font-size: 14pt; font-family: arial, helvetica, sans-serif;\">三、對任何事情都要獻出真誠的心。</span></p>\n<p><span style=\"font-size: 14pt; font-family: arial, helvetica, sans-serif;\">四、對一切的人、物、事都要細心週到。</span></p>\n<p><span style=\"font-size: 14pt; font-family: arial, helvetica, sans-serif;\">五、要經常看人、事、物的光明面，不要看黑暗面。</span></p>\n<p><span style=\"font-size: 14pt; font-family: arial, helvetica, sans-serif;\">六、要經常完全放棄自我的心。</span></p>\n<p><span style=\"font-size: 14pt; font-family: arial, helvetica, sans-serif;\">七、將人生看做神生，總是相信必定勝利而向前邁進。</span></p>\n<p><span style=\"font-size: 14pt; font-family: arial, helvetica, sans-serif;\">八、每天一定要實修一次神想觀，來使心靈光明化。</span></p>\n</td>\n</tr>\n</tbody>\n</table>\n</div>\n<div><span style=\"color: #000000; font-size: large;\">&nbsp;</span></div>\n<div><span style=\"color: #000000;\"><span style=\"color: #000000;\"><span style=\"font-size: medium;\"><span style=\"color: #ff0000;\">&nbsp;</span></span></span></span></div>\n<div>&nbsp;</div>'),
(17, 4, '講師研修會', '<p>更新中</p>\n<p>&nbsp;</p>'),
(20, 2, '每月活動一覽表', '<table style=\"border-collapse: collapse; width: 100%;\" border=\"1\">\n<tbody>\n<tr>\n<td style=\"width: 100%; background-color: #bfedd2; text-align: center;\"><strong style=\"font-family: arial, helvetica, sans-serif; text-align: center; background-color: #bfedd2;\"><span style=\"font-size: 18pt; color: #0003ff;\">109年1月份活動一覽表</span></strong></td>\n</tr>\n<tr>\n<td style=\"width: 100%;\"><span style=\"font-size: 14pt; font-family: arial, helvetica, sans-serif;\">109年1月份活動一覽表，<a title=\"109年1月份活動一覽表\" href=\"https://drive.google.com/file/d/1UWN0mf1S4ppNVQaDPSGsdVZguBmFZR6a/view?usp=sharing\">PDF檔案下載</a>。</span></td>\n</tr>\n<tr>\n<td style=\"width: 100%;\">\n<p><img src=\"http://www.seicho-no-ie.org.tw/php/picture/2019-12-24_20-48-29.jpg\" /></p>\n<p><img src=\"http://www.seicho-no-ie.org.tw/php/picture/2019-12-24_20-48-47.jpg\" /></p>\n<p><img src=\"http://www.seicho-no-ie.org.tw/php/picture/2019-12-24_20-49-06.jpg\" /></p>\n<p><img src=\"http://www.seicho-no-ie.org.tw/php/picture/2019-12-24_20-49-21.jpg\" /></p>\n</td>\n</tr>\n</tbody>\n</table>'),
(21, 4, '學習教義', '<table border=\"0\" cellspacing=\"1\" cellpadding=\"0\">\n<tbody>\n<tr>\n<td><big><big>學習教義【限定登入】<a href=\"http://www.seicho-no-ie.org.tw/panel/index.php/login/sign_in\">請按此 進入</a>&nbsp;&nbsp;&nbsp;<small>(請參考下方登入說明)</small></big></big><big><big><small><small></small></small></big></big></td>\n</tr>\n<tr>\n<td>&nbsp;</td>\n</tr>\n<tr>\n<td>&nbsp;</td>\n</tr>\n</tbody>\n</table>\n<p><big><big></big></big><big><big><small>&nbsp;&nbsp;&nbsp; &gt;&gt;&gt;地方講師若還沒有帳號密碼，請進入</small></big></big><big><big><small>&rarr;&rarr;</small></big></big><a href=\"https://goo.gl/forms/TWbgjRqoLqCnnia62\"><big><big><small>填寫</small></big></big><big><big><small></small></big></big></a><big><big><small><a href=\"https://goo.gl/forms/TWbgjRqoLqCnnia62\">申請登入之帳號密碼</a></small></big></big></p>\n<p><img src=\"http://www.seicho-no-ie.org.tw/php/picture/2019-12-13_17-03-38.jpg\" /></p>\n<p>&nbsp;</p>\n<p>&nbsp;</p>'),
(23, 4, '各類表格', '<p>各類表格</p>'),
(31, 12, '相關連結', '<table style=\"border-collapse: collapse; width: 100%; height: 100%;\" border=\"1\">\n<tbody>\n<tr style=\"height: 19px;\">\n<td style=\"width: 100%; height: 100%;\" colspan=\"2\">相關連結</td>\n</tr>\n<tr style=\"height: 19px;\">\n<td style=\"width: 50%; height: 100%;\">生長之家國際本部(日文)</td>\n<td style=\"width: 50%; height: 100%;\">生長之家國際本部(英文)</td>\n</tr>\n<tr style=\"height: 300px;\">\n<td style=\"width: 50%; height: 100%;\"><a title=\"生長之家國際本部(日文)\" href=\"https://www.jp.seicho-no-ie.org/\"><img src=\"http://www.seicho-no-ie.org.tw/php/picture/2019-12-20_22-30-13.jpg\" /></a></td>\n<td style=\"width: 50%; height: 100%;\"><a title=\"生長之家國際本部(英文)\" href=\"http://www.seicho-no-ie.org/eng/\"><img src=\"http://www.seicho-no-ie.org.tw/php/picture/2019-12-20_22-30-35.jpg\" /></a></td>\n</tr>\n<tr style=\"height: 19px;\">\n<td style=\"width: 50%; height: 100%;\">生長之家相關連結</td>\n<td style=\"width: 50%; height: 100%;\">&nbsp;</td>\n</tr>\n<tr style=\"height: 300px;\">\n<td style=\"width: 50%; height: 100%;\"><a title=\"相關連結\" href=\"https://www.jp.seicho-no-ie.org/about/center/\"><img src=\"http://www.seicho-no-ie.org.tw/php/picture/2019-12-20_22-31-27.jpg\" /></a></td>\n<td style=\"width: 50%; height: 100%;\">&nbsp;</td>\n</tr>\n<tr style=\"height: 21px;\">\n<td style=\"width: 50%; height: 100%;\">唐松模樣(總裁谷口雅宣先生部落格)</td>\n<td style=\"width: 50%; height: 100%;\">惠味な日々(白鴿會總裁谷口純子先生部落格)</td>\n</tr>\n<tr style=\"height: 300px;\">\n<td style=\"width: 50%; height: 100%;\"><a title=\"唐松模樣\" href=\"http://masanobutaniguchi.cocolog-nifty.com/monologue2/\"><img src=\"http://www.seicho-no-ie.org.tw/php/picture/2019-12-20_22-33-06.jpg\" /></a></td>\n<td style=\"width: 50%; height: 100%;\"><a title=\"恵味な日々\" href=\"http://junkotaniguchi.cocolog-nifty.com/blog/\"><img src=\"http://www.seicho-no-ie.org.tw/php/picture/2019-12-20_22-33-14.jpg\" /></a></td>\n</tr>\n<tr style=\"height: 18px;\">\n<td style=\"width: 50%; height: 100%;\" colspan=\"2\"><strong><span style=\"font-size: 14pt;\">PBS企劃型組織</span></strong></td>\n</tr>\n<tr style=\"height: 18px;\">\n<td style=\"width: 50%; height: 100%;\" colspan=\"2\">SNI有機菜園部&nbsp;&nbsp;</td>\n</tr>\n<tr style=\"height: 18px;\">\n<td style=\"width: 50%; height: 100%;\" colspan=\"2\">SNI自行車部&nbsp;&nbsp;</td>\n</tr>\n<tr style=\"height: 18px;\">\n<td style=\"width: 50%; height: 100%;\" colspan=\"2\">SNI手工藝品俱樂部&nbsp;&nbsp;</td>\n</tr>\n<tr style=\"height: 18px;\">\n<td style=\"width: 50%; height: 100%;\">&nbsp;</td>\n<td style=\"width: 50%; height: 100%;\">&nbsp;</td>\n</tr>\n<tr>\n<td style=\"width: 50%;\">&nbsp;</td>\n<td style=\"width: 50%;\">&nbsp;</td>\n</tr>\n<tr>\n<td style=\"width: 50%;\">&nbsp;</td>\n<td style=\"width: 50%;\">&nbsp;</td>\n</tr>\n</tbody>\n</table>'),
(32, 11, '講師研修會', '<table style=\"border-collapse: collapse; width: 99.3584%; height: 212px;\" border=\"1\">\n<tbody>\n<tr style=\"height: 29px;\">\n<td style=\"width: 99.5738%; height: 39px; background-color: #e3eafa; text-align: center;\" colspan=\"3\"><span style=\"color: #2880b9; font-size: 18pt; font-family: arial, helvetica, sans-serif;\"><strong>講師研修會 109年度上半年度</strong></span></td>\n</tr>\n<tr style=\"height: 19px;\">\n<td style=\"width: 5.92198%; height: 19px; text-align: center;\"><span style=\"font-family: arial, helvetica, sans-serif;\"><strong><span style=\"font-size: 14pt;\">月份</span></strong></span></td>\n<td style=\"width: 42.7245%; height: 19px; text-align: center;\"><span style=\"font-family: arial, helvetica, sans-serif;\"><strong><span style=\"font-size: 14pt;\">第一研修的主題及教材</span></strong></span></td>\n<td style=\"width: 50.9273%; height: 19px; text-align: center;\"><span style=\"font-family: arial, helvetica, sans-serif;\"><strong><span style=\"font-size: 14pt;\">第四研修的主題及教材</span></strong></span></td>\n</tr>\n<tr style=\"height: 19px;\">\n<td style=\"width: 5.92198%; height: 19px; text-align: center;\"><span style=\"font-family: arial, helvetica, sans-serif;\"><strong><span style=\"font-size: 14pt;\">1月</span></strong></span></td>\n<td style=\"width: 93.6518%; height: 19px;\" colspan=\"2\"><span style=\"font-size: 14pt; font-family: arial, helvetica, sans-serif;\">休會</span></td>\n</tr>\n<tr style=\"height: 22px;\">\n<td style=\"width: 5.92198%; height: 22px; text-align: center;\"><span style=\"font-family: arial, helvetica, sans-serif;\"><strong><span style=\"font-size: 14pt;\">2月</span></strong></span></td>\n<td style=\"width: 42.7245%; height: 22px;\"><span style=\"font-size: 14pt; font-family: arial, helvetica, sans-serif;\">學習《生命的實相》第14卷①&nbsp; 倫理篇(下)的重點</span></td>\n<td style=\"width: 50.9273%; height: 22px;\"><span style=\"font-size: 14pt; font-family: arial, helvetica, sans-serif;\">關於「神・自然・人大調和祈念祭」</span></td>\n</tr>\n<tr style=\"height: 22px;\">\n<td style=\"width: 5.92198%; height: 22px; text-align: center;\"><span style=\"font-family: arial, helvetica, sans-serif;\"><strong><span style=\"font-size: 14pt;\">3月</span></strong></span></td>\n<td style=\"width: 42.7245%; height: 22px;\"><span style=\"font-size: 14pt; font-family: arial, helvetica, sans-serif;\">學習《生命的實相》第14卷②&nbsp; 倫理篇(下)的重點</span></td>\n<td style=\"width: 50.9273%; height: 22px;\"><span style=\"font-size: 14pt; font-family: arial, helvetica, sans-serif;\">創造&ldquo;新文明&rdquo;的基礎─Q&amp;A</span></td>\n</tr>\n<tr style=\"height: 22px;\">\n<td style=\"width: 5.92198%; height: 22px; text-align: center;\"><span style=\"font-family: arial, helvetica, sans-serif;\"><strong><span style=\"font-size: 14pt;\">4月</span></strong></span></td>\n<td style=\"width: 42.7245%; height: 22px;\"><span style=\"font-size: 14pt; font-family: arial, helvetica, sans-serif;\">學習《生命的實相》第15卷①&nbsp; 人生問答篇(上)的重點</span></td>\n<td style=\"width: 50.9273%; height: 22px;\"><span style=\"font-size: 14pt; font-family: arial, helvetica, sans-serif;\">『學習姆斯比的概念之普遍性』①</span></td>\n</tr>\n<tr style=\"height: 19px;\">\n<td style=\"width: 5.92198%; height: 19px; text-align: center;\"><span style=\"font-family: arial, helvetica, sans-serif;\"><strong><span style=\"font-size: 14pt;\">5月</span></strong></span></td>\n<td style=\"width: 93.6518%; height: 19px;\" colspan=\"2\"><span style=\"font-size: 14pt; font-family: arial, helvetica, sans-serif;\">休會</span></td>\n</tr>\n<tr style=\"height: 22px;\">\n<td style=\"width: 5.92198%; height: 22px; text-align: center;\"><span style=\"font-family: arial, helvetica, sans-serif;\"><strong><span style=\"font-size: 14pt;\">6月</span></strong></span></td>\n<td style=\"width: 42.7245%; height: 22px;\"><span style=\"font-size: 14pt; font-family: arial, helvetica, sans-serif;\">學習《生命的實相》第15卷②&nbsp; 人生問答篇(上)的重點</span></td>\n<td style=\"width: 50.9273%; height: 22px;\"><span style=\"font-size: 14pt; font-family: arial, helvetica, sans-serif;\">關於「萬教包容祭」的意義</span></td>\n</tr>\n<tr style=\"height: 28px;\">\n<td style=\"width: 99.5738%; height: 28px;\" colspan=\"3\"><span style=\"font-size: 14pt; font-family: arial, helvetica, sans-serif;\">※這些主題會有變動的情形。</span></td>\n</tr>\n</tbody>\n</table>\n<table style=\"border-collapse: collapse; width: 99.2669%; height: 155px;\" border=\"1\">\n<tbody>\n<tr style=\"height: 19px;\">\n<td style=\"width: 9.41794%; height: 19px;\"><span style=\"font-size: 14pt; font-family: arial, helvetica, sans-serif;\">台北</span></td>\n<td style=\"width: 9.32643%; height: 19px;\"><span style=\"font-size: 14pt; font-family: arial, helvetica, sans-serif;\">台中</span></td>\n<td style=\"width: 9.05115%; height: 19px;\"><span style=\"font-size: 14pt; font-family: arial, helvetica, sans-serif;\">高雄</span></td>\n<td style=\"width: 71.4649%; height: 19px;\"><span style=\"font-size: 14pt; font-family: arial, helvetica, sans-serif;\">第二研修 (地方講師或傳道員之發表)</span></td>\n</tr>\n<tr style=\"height: 18px;\">\n<td style=\"width: 9.41794%; height: 18px;\"><span style=\"font-size: 14pt; font-family: arial, helvetica, sans-serif;\">1/休會</span></td>\n<td style=\"width: 9.32643%; height: 18px;\"><span style=\"font-size: 14pt; font-family: arial, helvetica, sans-serif;\">1/休會</span></td>\n<td style=\"width: 9.05115%; height: 18px;\"><span style=\"font-size: 14pt; font-family: arial, helvetica, sans-serif;\">1/休會</span></td>\n<td style=\"width: 71.4649%; height: 18px;\"><span style=\"font-size: 14pt; font-family: arial, helvetica, sans-serif;\">■春節休假</span></td>\n</tr>\n<tr style=\"height: 18px;\">\n<td style=\"width: 9.41794%; height: 18px;\"><span style=\"font-size: 14pt; font-family: arial, helvetica, sans-serif;\">2/9(日)</span></td>\n<td style=\"width: 9.32643%; height: 18px;\"><span style=\"font-size: 14pt; font-family: arial, helvetica, sans-serif;\">2/16(日)</span></td>\n<td style=\"width: 9.05115%; height: 18px;\"><span style=\"font-size: 14pt; font-family: arial, helvetica, sans-serif;\">2/18(二)</span></td>\n<td style=\"width: 71.4649%; height: 18px;\"><span style=\"font-size: 14pt; font-family: arial, helvetica, sans-serif;\">互相分享付出的喜悅①</span></td>\n</tr>\n<tr style=\"height: 18px;\">\n<td style=\"width: 9.41794%; height: 18px;\"><span style=\"font-size: 14pt; font-family: arial, helvetica, sans-serif;\">3/29(日)</span></td>\n<td style=\"width: 9.32643%; height: 18px;\"><span style=\"font-size: 14pt; font-family: arial, helvetica, sans-serif;\">3/28(六)</span></td>\n<td style=\"width: 9.05115%; height: 18px;\"><span style=\"font-size: 14pt; font-family: arial, helvetica, sans-serif;\">3/24(二)</span></td>\n<td style=\"width: 71.4649%; height: 18px;\"><span style=\"font-size: 14pt; font-family: arial, helvetica, sans-serif;\">互相分享付出的喜悅②</span></td>\n</tr>\n<tr style=\"height: 18px;\">\n<td style=\"width: 9.41794%; height: 18px;\"><span style=\"font-size: 14pt; font-family: arial, helvetica, sans-serif;\">4/19(六)</span></td>\n<td style=\"width: 9.32643%; height: 18px;\"><span style=\"font-size: 14pt; font-family: arial, helvetica, sans-serif;\">4/25(六)</span></td>\n<td style=\"width: 9.05115%; height: 18px;\"><span style=\"font-size: 14pt; font-family: arial, helvetica, sans-serif;\">4/21(二)</span></td>\n<td style=\"width: 71.4649%; height: 18px;\"><span style=\"font-size: 14pt; font-family: arial, helvetica, sans-serif;\">互相分享付出的喜悅③</span></td>\n</tr>\n<tr style=\"height: 18px;\">\n<td style=\"width: 9.41794%; height: 18px;\"><span style=\"font-size: 14pt; font-family: arial, helvetica, sans-serif;\">5/休會</span></td>\n<td style=\"width: 9.32643%; height: 18px;\"><span style=\"font-size: 14pt; font-family: arial, helvetica, sans-serif;\">5/休會</span></td>\n<td style=\"width: 9.05115%; height: 18px;\"><span style=\"font-size: 14pt; font-family: arial, helvetica, sans-serif;\">5/休會</span></td>\n<td style=\"width: 71.4649%; height: 18px;\"><span style=\"font-size: 14pt; font-family: arial, helvetica, sans-serif;\">■因演講會而休會</span></td>\n</tr>\n<tr style=\"height: 18px;\">\n<td style=\"width: 9.41794%; height: 10px;\"><span style=\"font-size: 14pt; font-family: arial, helvetica, sans-serif;\">6/14(日)</span></td>\n<td style=\"width: 9.32643%; height: 10px;\"><span style=\"font-size: 14pt; font-family: arial, helvetica, sans-serif;\">6/13(六)</span></td>\n<td style=\"width: 9.05115%; height: 10px;\"><span style=\"font-size: 14pt; font-family: arial, helvetica, sans-serif;\">6/21(日)</span></td>\n<td style=\"width: 71.4649%; height: 10px;\"><span style=\"font-size: 14pt; font-family: arial, helvetica, sans-serif;\">互相分享付出的喜悅④</span></td>\n</tr>\n</tbody>\n</table>'),
(34, 8, '神癒祈願', '<p><img src=\"http://www.seicho-no-ie.org.tw/php/picture/2019-12-21_18-19-41.jpg\" /></p>\n<p><span style=\"font-size: 14pt;\">●<a title=\"神癒祈願申請書\" href=\"https://drive.google.com/file/d/1xlSVdzY5Lv5ol0DBK_H6HkZaa5qFaWNQ/view?usp=sharing\">神癒祈願申請書下載</a></span></p>'),
(36, 9, '生長之家靈牌供養', '<p><img src=\"http://www.seicho-no-ie.org.tw/php/picture/2019-12-21_18-31-41.jpg\" /></p>\n<p><img src=\"http://www.seicho-no-ie.org.tw/php/picture/2019-12-21_18-31-54.jpg\" /></p>'),
(38, 2, '生命學園', '<p>&nbsp;</p>\n<table style=\"border-collapse: collapse; width: 100%; height: 525px; border-style: none;\" border=\"1\">\n<tbody>\n<tr style=\"height: 18px;\">\n<td style=\"width: 50%; height: 6px; background-color: #e4edf0; text-align: center;\" colspan=\"2\">\n<h3 style=\"text-align: center;\"><span style=\"font-size: 18pt; font-family: webdings;\"><strong><span style=\"color: #e74c3c;\">生 命 學 園</span></strong></span></h3>\n</td>\n</tr>\n<tr style=\"height: 18px;\">\n<td style=\"width: 50%; height: 14px;\" colspan=\"2\">\n<p><a title=\"生長之家生命學園\" href=\"https://www.facebook.com/groups/737194103369628/\"><img src=\"http://www.seicho-no-ie.org.tw/php/picture/2019-12-17_22-36-57.jpg\" /></a>&nbsp; <span style=\"font-size: 14pt; color: #0025ff;\">生長之家生命學園</span></p>\n</td>\n</tr>\n<tr style=\"height: 43px;\">\n<td style=\"width: 50%; background-color: #e4edf0; height: 43px; text-align: center;\" colspan=\"2\"><strong><span style=\"font-size: 14pt;\"><span style=\"color: #0025ff;\">台北生命學園</span></span></strong></td>\n</tr>\n<tr style=\"height: 336px;\">\n<td style=\"width: 50%; height: 100%;\" colspan=\"2\">\n<p><img src=\"http://www.seicho-no-ie.org.tw/php/picture/2019-12-19_16-02-03.jpg\" /></p>\n<p>台北市中山區錦州街8號2樓02-2561-8681</p>\n</td>\n</tr>\n<tr style=\"height: 18px;\">\n<td style=\"width: 50%; height: 43px; background-color: #e4edf0; text-align: center;\" colspan=\"2\"><strong><span style=\"font-size: 14pt; color: #0025ff;\">台中生命學園</span></strong></td>\n</tr>\n<tr style=\"height: 18px;\">\n<td style=\"width: 50%; height: 100%;\" colspan=\"2\">\n<p><img src=\"http://www.seicho-no-ie.org.tw/php/picture/2019-12-19_16-07-13.jpg\" /></p>\n<p>台中市西區大忠街8號 04-2471-4146&nbsp;</p>\n</td>\n</tr>\n<tr style=\"height: 18px;\">\n<td style=\"width: 50%; height: 43px; background-color: #e4edf0; text-align: center;\" colspan=\"2\"><span style=\"color: #0025ff; font-size: 14pt;\"><strong>高雄生命學園</strong></span></td>\n</tr>\n<tr style=\"height: 18px;\">\n<td style=\"width: 50%; height: 100%;\" colspan=\"2\">\n<p><img src=\"http://www.seicho-no-ie.org.tw/php/picture/2019-12-20_15-25-10.jpg\" /></p>\n<p>高雄市三民區博愛一路27號6樓 07-323-3718</p>\n</td>\n</tr>\n</tbody>\n</table>\n<p style=\"text-align: left;\">&nbsp;</p>'),
(41, 11, '學習教義', '<table style=\"border-collapse: collapse; width: 100%; height: 151px;\" border=\"1\">\n<tbody>\n<tr style=\"height: 19px;\">\n<td style=\"width: 100%; height: 37px;\"><span style=\"font-size: 18pt;\"><strong>學習教義屬於【限定登入】請由下列網址進入</strong></span></td>\n</tr>\n<tr style=\"height: 23px;\">\n<td style=\"width: 100%; height: 23px;\">&nbsp;</td>\n</tr>\n<tr style=\"height: 19px;\">\n<td style=\"width: 100%; height: 19px;\"><span style=\"font-size: 14pt;\"><a title=\"生長之家講師會\" href=\"http://www.seicho-no-ie.org.tw/panel/index.php/login/sign_in\"><strong><span style=\"font-size: 18pt;\">【生長之家講師會】網頁</span></strong></a></span></td>\n</tr>\n<tr style=\"height: 18px;\">\n<td style=\"width: 100%; height: 18px;\">&nbsp;</td>\n</tr>\n<tr style=\"height: 18px;\">\n<td style=\"width: 100%; height: 18px;\"><strong><span style=\"font-size: 14pt;\"><big><big><small>&nbsp;&gt;&gt;&gt;地方講師<span style=\"color: #e03e2d;\">若還沒有帳號密碼</span>，請進入</small></big></big><big><big><small>&rarr;&rarr;</small></big></big><a href=\"https://goo.gl/forms/TWbgjRqoLqCnnia62\"><big><big><small>填寫</small></big></big><big><big><small></small></big></big></a><big><big><small><a href=\"https://goo.gl/forms/TWbgjRqoLqCnnia62\"><span style=\"color: #e03e2d;\">申請登入</span>之帳號密碼</a></small></big></big></span></strong></td>\n</tr>\n<tr style=\"height: 18px;\">\n<td style=\"width: 100%; height: 18px;\">&nbsp;</td>\n</tr>\n<tr style=\"height: 18px;\">\n<td style=\"width: 100%; height: 18px;\">\n<p><span style=\"font-size: 14pt;\"><strong><span style=\"color: #e03e2d;\">登入說明&gt;&gt;&gt;</span></strong></span></p>\n<p><img src=\"http://www.seicho-no-ie.org.tw/php/picture/2019-12-21_18-11-56.jpg\" /></p>\n</td>\n</tr>\n</tbody>\n</table>');
INSERT INTO `page_content` (`id`, `page_group_id`, `page_name`, `html_context`) VALUES
(44, 3, '服務據點', '<table style=\"border-collapse: collapse; width: 100%; height: 1156px;\" border=\"1\">\n<tbody>\n<tr style=\"height: 134px;\">\n<td style=\"width: 50%; height: 100%;\" colspan=\"2\">\n<p><span style=\"font-size: 18pt; color: #0025ff;\">&nbsp;<span style=\"font-family: arial, helvetica, sans-serif;\"><strong>傳道協會為本會總部，另分別於台北、台中、高雄設有教化支部。</strong></span></span></p>\n<p><span style=\"color: #000000; font-size: 14pt; font-family: arial, helvetica, sans-serif;\"><strong>服務時間為：</strong></span></p>\n<p><span style=\"color: #000000; font-size: 14pt; font-family: arial, helvetica, sans-serif;\">●週一至週五08：30～17：30（中午休息時間12：00～13：00）</span></p>\n<p><span style=\"color: #ff0000; font-size: 14pt; font-family: arial, helvetica, sans-serif;\">※早上08：30 ～ 09：00 為職員早晨行事時間※</span></p>\n<p><span style=\"color: #000000; font-size: 14pt; font-family: arial, helvetica, sans-serif;\">●若逢週六、週日舉行活動，則會館將會開放，請事先電話確認。</span></p>\n</td>\n</tr>\n<tr style=\"height: 30px;\">\n<td style=\"width: 50%; height: 50px; background-color: #bfedd2; text-align: center;\" colspan=\"2\"><span style=\"font-family: arial, helvetica, sans-serif;\"><strong><span style=\"font-size: 14pt; color: #0025ff;\">中華民國生長之家傳道協會</span></strong></span></td>\n</tr>\n<tr style=\"height: 370px;\">\n<td style=\"width: 50%; height: 100%; vertical-align: top;\" colspan=\"2\">\n<div><span style=\"font-size: 14pt; font-family: arial, helvetica, sans-serif;\"><span style=\"color: #000000;\">地址：111-65台北市士林區重慶北路4段251號3樓<br /></span></span></div>\n<div><span style=\"font-size: 14pt; font-family: arial, helvetica, sans-serif;\"><span style=\"color: #000000;\">電話：02-2811-6855、</span><span style=\"color: #000000;\">傳真：02-2815-0945</span>&nbsp;</span></div>\n<p><span style=\"font-size: 14pt; font-family: arial, helvetica, sans-serif;\"><span style=\"color: #e74c3c;\">【交通資訊】</span><br />●捷運(需再轉乘公車)：士林站(1號出口)、圓山站(2號出口) 、大橋頭站(2號出口)&nbsp;&nbsp;&nbsp;&nbsp;&nbsp;&nbsp;&nbsp;&nbsp;&nbsp;&nbsp;&nbsp;&nbsp;<br />●公車：</span></p>\n<p><span style=\"font-size: 14pt; font-family: arial, helvetica, sans-serif;\">葫東重慶路口：601.223.302.304(重慶線)<br />葫蘆寺(葫蘆堵市場)：811.246.2.9.206.215.669<br />重陽橋：508.508(區).815.816<br />●停車場資訊：社子市場附近(士林區社中街7號)</span></p>\n</td>\n</tr>\n<tr style=\"height: 30px;\">\n<td style=\"width: 50%; height: 50px; background-color: #bfedd2; text-align: center; vertical-align: middle;\" colspan=\"2\">\n<p style=\"text-align: center;\"><span style=\"color: #0025ff; font-family: arial, helvetica, sans-serif;\"><span style=\"font-size: 18.6667px;\"><strong>台北教化支部</strong></span></span></p>\n</td>\n</tr>\n<tr style=\"height: 245px;\">\n<td style=\"width: 50%; height: 100%;\" colspan=\"2\">\n<div><span style=\"font-size: 14pt; font-family: arial, helvetica, sans-serif;\">地址：台北市中山區錦州街8號2樓</span></div>\n<div><span style=\"font-size: 14pt; font-family: arial, helvetica, sans-serif;\">電話：02-2561- 8681&nbsp;&nbsp;傳真：02-2561- 8696</span></div>\n<div>&nbsp;</div>\n<div><span style=\"font-size: 14pt; color: #e74c3c; font-family: arial, helvetica, sans-serif;\">【交通資訊】</span></div>\n<p><span style=\"font-size: 14pt; font-family: arial, helvetica, sans-serif;\">●捷運：雙連站(2號出口)、民權西路站(1號出口)、中山國小站(2號出口)&nbsp;&nbsp;&nbsp;&nbsp;&nbsp;&nbsp;&nbsp; &nbsp;&nbsp;&nbsp;&nbsp;<br />●公車：</span></p>\n<p><span style=\"font-size: 14pt; font-family: arial, helvetica, sans-serif;\">台泥大樓：218.220.247.260.287.310<br />民權中山路口：63.617.801.803.41.226.280<br />新興國中：208.520.638.246.811<br />華泰飯店：518<br />●停車場資訊：永盛公園地下停車場(中山北路二段93巷與錦州街30巷交叉口)</span></p>\n</td>\n</tr>\n<tr style=\"height: 31px;\">\n<td style=\"width: 50%; height: 50px; background-color: #bfedd2; text-align: center; vertical-align: middle;\" colspan=\"2\"><span style=\"color: #0025ff; font-family: arial, helvetica, sans-serif;\"><strong><span style=\"font-size: 14pt;\">台中教化支部</span></strong></span></td>\n</tr>\n<tr style=\"height: 294px;\">\n<td style=\"width: 50%; height: 100%;\" colspan=\"2\">\n<p align=\"left\"><span style=\"color: #000000; font-size: 14pt; font-family: arial, helvetica, sans-serif;\">地址：403-59 台中市西區大忠街8號</span></p>\n<p align=\"left\"><span style=\"font-size: 14pt; font-family: arial, helvetica, sans-serif;\"><span style=\"color: #000000;\">電話：04-2471-4146、</span><span style=\"color: #000000;\">傳真：04-2473-4792</span></span></p>\n<p align=\"left\"><span style=\"font-size: 14pt; color: #e74c3c; font-family: arial, helvetica, sans-serif;\">【交通資訊】</span></p>\n<p align=\"left\"><span style=\"font-size: 14pt; font-family: arial, helvetica, sans-serif;\">●公車：</span></p>\n<p align=\"left\"><span style=\"font-size: 14pt; font-family: arial, helvetica, sans-serif;\">土庫停車場站：統聯客運159路(高鐵接駁車)<br />五權西東興路口(往火車站方向)：56、75<br />五權西忠明路口(由火車站來的方向)：56、75&nbsp;<br />忠明南路向上路口：52、79<br />向上精誠路口：5、89、290、291<br /></span></p>\n<p align=\"left\"><span style=\"font-size: 14pt; font-family: arial, helvetica, sans-serif;\">●停車場：大益停車場(向上路與大忠街口)、土庫停車場。</span></p>\n</td>\n</tr>\n<tr style=\"height: 18px;\">\n<td style=\"width: 50%; height: 50px; background-color: #bfedd2; text-align: center; vertical-align: middle;\" colspan=\"2\"><span style=\"font-family: arial, helvetica, sans-serif;\"><strong><span style=\"font-size: 14pt; color: #0025ff;\">高雄教化支部</span></strong></span></td>\n</tr>\n<tr style=\"height: 369px;\">\n<td style=\"width: 50%; height: 100%; vertical-align: top;\" colspan=\"2\">\n<p><span style=\"color: #000000; font-family: arial, helvetica, sans-serif; font-size: 14pt;\">地址：807-43 高雄市三民區博愛一路27號 6樓</span></p>\n<p><span style=\"color: #000000; font-family: arial, helvetica, sans-serif; font-size: 14pt;\">電話：07-323-3718&nbsp;&nbsp;&nbsp;</span></p>\n<p><span style=\"color: #000000; font-family: arial, helvetica, sans-serif; font-size: 14pt;\">傳真：07-323-4271</span></p>\n<p><span style=\"color: #000000; font-family: arial, helvetica, sans-serif; font-size: 14pt;\">高雄火車站後站附近</span></p>\n</td>\n</tr>\n</tbody>\n</table>\n<p>&nbsp;</p>'),
(45, 2, '練成會', '<table style=\"border-collapse: collapse; width: 100%;\" border=\"1\">\n<tbody>\n<tr>\n<td style=\"width: 100%;\">練成會、全國幹部研修會</td>\n</tr>\n<tr>\n<td style=\"width: 100%;\">&nbsp;</td>\n</tr>\n<tr>\n<td style=\"width: 100%;\">第68回神性開發練成會 5/1~5/3&nbsp;&nbsp;</td>\n</tr>\n<tr>\n<td style=\"width: 100%;\">夏季青少年練成會</td>\n</tr>\n<tr>\n<td style=\"width: 100%;\">第6回親子練成會</td>\n</tr>\n<tr>\n<td style=\"width: 100%;\">第69回神性開發練成會</td>\n</tr>\n<tr>\n<td style=\"width: 100%;\">第14回全國幹部研修會</td>\n</tr>\n<tr>\n<td style=\"width: 100%;\">第11回青年練成會</td>\n</tr>\n</tbody>\n</table>'),
(46, 2, '年度演講會', '<p>預定5月舉辦</p>\n<p>&nbsp;</p>\n<p>&nbsp;</p>'),
(47, 2, 'PBS活動', '<table style=\"border-collapse: collapse; width: 100%;\" border=\"1\">\n<tbody>\n<tr>\n<td style=\"width: 100%; height: 30px; background-color: #bfedd2; text-align: center;\"><span style=\"color: #0003ff; font-family: arial, helvetica, sans-serif; font-size: 18pt;\"><strong>關於生長之家企劃型組織(PBS)</strong></span></td>\n</tr>\n<tr>\n<td style=\"width: 100%;\">\n<p><span style=\"font-size: 14pt; font-family: arial, helvetica, sans-serif;\">企劃型組織，尊重既有的的運動組織，透過網際網路，超 越既有組織的範圍、地域及國家，一面加深連結，一面邁向「與自然共同發展」的新文明之構築，作為創造新生活方式的社會推進。為將此三種生活方式(「無肉、低碳的飲食生活」、「節省資源、低碳的生活法」、「重視自然、低碳的表現活動」)更加具體、有組織地開展下去，有下列三項活動。</span></p>\n<p><span style=\"font-size: 14pt; font-family: arial, helvetica, sans-serif;\">SNI有機菜園部、SNI自行車部、SNI手工藝品俱樂部</span></p>\n</td>\n</tr>\n</tbody>\n</table>\n<p>&nbsp;</p>\n<table style=\"border-collapse: collapse; width: 100%; height: 374px;\" border=\"1\">\n<tbody>\n<tr style=\"height: 19px;\">\n<td style=\"width: 33.3333%; height: 19px;\"><span style=\"font-family: arial, helvetica, sans-serif; font-size: 14pt;\">SNI有機菜園部</span></td>\n<td style=\"width: 33.3333%; height: 19px;\"><span style=\"font-family: arial, helvetica, sans-serif; font-size: 14pt;\">SNI自行車部</span></td>\n<td style=\"width: 33.3333%; height: 19px;\"><span style=\"font-family: arial, helvetica, sans-serif; font-size: 14pt;\">SNI手工藝品俱樂部</span></td>\n</tr>\n<tr style=\"height: 74px;\">\n<td style=\"width: 33.3333%; height: 74px;\"><a title=\"SNI有機菜園部\" href=\"https://www.jp.seicho-no-ie.org/org-garden/\"><img src=\"http://www.seicho-no-ie.org.tw/php/picture/2019-12-24_10-51-35.jpg\" /></a></td>\n<td style=\"width: 33.3333%; height: 74px;\"><a title=\"SNI自行車部\" href=\"http://sni.bike/\"><img src=\"http://www.seicho-no-ie.org.tw/php/picture/2019-12-24_10-51-44.jpg\" /></a></td>\n<td style=\"width: 33.3333%; height: 74px;\"><a title=\"SNI手工藝品俱樂部\" href=\"https://www.jp.seicho-no-ie.org/craft/\"><img src=\"http://www.seicho-no-ie.org.tw/php/picture/2019-12-24_10-51-56.jpg\" /></a></td>\n</tr>\n<tr style=\"height: 18px;\">\n<td style=\"width: 33.3333%; height: 18px;\"><iframe src=\"//www.youtube.com/embed/l97RI3Shfe4\" width=\"300\" height=\"168\" allowfullscreen=\"allowfullscreen\"></iframe></td>\n<td style=\"width: 33.3333%; height: 18px;\"><iframe src=\"//www.youtube.com/embed/4eWcaHuE3HU\" width=\"300\" height=\"168\" allowfullscreen=\"allowfullscreen\"></iframe></td>\n<td style=\"width: 33.3333%; height: 18px;\"><iframe src=\"//www.youtube.com/embed/CertMK5HgRs\" width=\"300\" height=\"168\" allowfullscreen=\"allowfullscreen\"></iframe></td>\n</tr>\n</tbody>\n</table>'),
(49, 5, '出版物介紹', '<table style=\"border-collapse: collapse; width: 100%; height: 1765px;\" border=\"1\">\n<tbody>\n<tr style=\"height: 35px;\">\n<td style=\"width: 100%; height: 35px; background-color: #bfedd2; text-align: center;\"><strong><span style=\"font-family: arial, helvetica, sans-serif; font-size: 18pt; color: #0003ff;\">最新出版物介紹</span></strong></td>\n</tr>\n<tr style=\"height: 1694px;\">\n<td style=\"width: 100%; height: 1694px;\">\n<p><img src=\"http://www.seicho-no-ie.org.tw/php/picture/2019-12-24_11-31-24.jpg\" /></p>\n<p><img src=\"http://www.seicho-no-ie.org.tw/php/picture/2019-12-24_11-31-36.jpg\" /></p>\n</td>\n</tr>\n</tbody>\n</table>'),
(50, 5, '生長之家月刊', '<table style=\"border-collapse: collapse; width: 100%; height: 2253px;\" border=\"1\">\n<tbody>\n<tr style=\"height: 35px;\">\n<td style=\"width: 100%; height: 35px; background-color: #bfedd2; text-align: center;\"><span style=\"font-size: 18pt; font-family: arial, helvetica, sans-serif; color: #0003ff;\"><strong>《生長之家》月刊</strong></span></td>\n</tr>\n<tr style=\"height: 835px;\">\n<td style=\"width: 100%; height: 1678px; vertical-align: top;\">\n<p><img src=\"http://www.seicho-no-ie.org.tw/php/picture/2019-12-21_13-21-00.jpg\" /></p>\n<p><img src=\"http://www.seicho-no-ie.org.tw/php/picture/2019-12-21_18-47-48.jpg\" /></p>\n</td>\n</tr>\n<tr style=\"height: 540px;\">\n<td style=\"width: 100%; vertical-align: top; height: 540px;\">\n<p align=\"left\"><span style=\"font-family: arial, helvetica, sans-serif;\"><strong><span style=\"color: #e03e2d; font-size: 14pt;\">※訂閱方法※</span></strong></span></p>\n<p align=\"left\"><span style=\"font-family: arial, helvetica, sans-serif;\"><strong><span style=\"color: #e03e2d; font-size: 14pt;\">訂閱一年(含郵資)費用如下：</span></strong></span></p>\n<p><span style=\"color: #000000; font-size: 14pt; font-family: arial, helvetica, sans-serif;\">※國內訂閱：每本20元整，一年新台幣312元整</span></p>\n<p><span style=\"color: #000000; font-size: 14pt; font-family: arial, helvetica, sans-serif;\">※國外訂閱：</span></p>\n<p><span style=\"color: #000000; font-size: 14pt; font-family: arial, helvetica, sans-serif;\">◎香港地區</span></p>\n<p><span style=\"font-size: 14pt; font-family: arial, helvetica, sans-serif;\"><span style=\"color: #000000;\">航空一年：新台幣624元整<br />水陸一年：新台幣420元整<br /></span><span style=\"color: #000000;\">◎美國地區&nbsp;&nbsp;&nbsp;</span></span></p>\n<p><span style=\"color: #000000; font-size: 14pt; font-family: arial, helvetica, sans-serif;\"> 航空一年：新台幣936元整</span></p>\n<p><span style=\"font-size: 14pt; font-family: arial, helvetica, sans-serif;\"><span style=\"color: #000000;\">※請郵政劃撥至</span><span style=\"color: #000000;\">本會帳號：17175091<br /></span><span style=\"color: #000000;\">&nbsp; 戶名：社團法人中華民國生長之家傳道協會</span></span></p>\n<p><strong><span style=\"color: #ff0000; font-size: 14pt; font-family: arial, helvetica, sans-serif;\">劃撥注意事項：</span></strong></p>\n<p><span style=\"color: #ff0000; font-size: 14pt; font-family: arial, helvetica, sans-serif;\"><span style=\"font-size: 8pt;\">●</span>於劃撥單通訊欄中註明開始訂閱之月份、年度</span></p>\n<p><span style=\"color: #000000; font-size: 14pt; font-family: arial, helvetica, sans-serif;\"><span style=\"color: #ff0000;\"><span style=\"font-size: 8pt;\">●</span>與本會聯絡02-2811-6855</span>&nbsp;&nbsp;&nbsp;&nbsp;</span></p>\n</td>\n</tr>\n</tbody>\n</table>\n<p>&nbsp;</p>\n<p>&nbsp;</p>'),
(51, 5, '徵稿啟事', '<table style=\"border-collapse: collapse; width: 100%;\" border=\"1\">\n<tbody>\n<tr>\n<td style=\"width: 100%; height: 35px; background-color: #bfedd2; text-align: center;\"><strong><span style=\"font-size: 18pt; color: #0003ff; font-family: arial, helvetica, sans-serif;\">《生長之家》月刊 徵稿啟事</span></strong></td>\n</tr>\n<tr>\n<td style=\"width: 100%;\">\n<p><img src=\"http://www.seicho-no-ie.org.tw/php/picture/2019-12-24_11-52-26.jpg\" /></p>\n<p><img src=\"http://www.seicho-no-ie.org.tw/php/picture/2019-12-24_11-52-38.jpg\" /></p>\n<p><img src=\"http://www.seicho-no-ie.org.tw/php/picture/2019-12-24_11-52-48.jpg\" /></p>\n</td>\n</tr>\n</tbody>\n</table>'),
(52, 8, '寫經運動及寫經祈願', '<p><img src=\"http://www.seicho-no-ie.org.tw/php/picture/2019-12-21_18-26-16.jpg\" /></p>\n<p><img src=\"http://www.seicho-no-ie.org.tw/php/picture/2019-12-21_18-26-34.jpg\" /></p>'),
(53, 5, '索取贈閱月刊', '<table style=\"border-collapse: collapse; width: 100%;\" border=\"1\">\n<tbody>\n<tr>\n<td style=\"width: 100%; height: 35px; background-color: #bfedd2; text-align: center;\"><span style=\"color: #0003ff; font-size: 18pt; font-family: arial, helvetica, sans-serif;\"><strong>索取《生長之家》月刊說明</strong></span></td>\n</tr>\n<tr>\n<td style=\"width: 100%;\">\n<p><span style=\"font-size: 14pt; font-family: arial, helvetica, sans-serif;\">一、請於上班時間致電本會，由專人為您服務。</span></p>\n<p><span style=\"font-size: 14pt; font-family: arial, helvetica, sans-serif;\">&nbsp; &nbsp; &nbsp; &nbsp;電話： 02-28116855 或&nbsp;<a title=\"索取贈閱月刊\" href=\"https://forms.gle/s8GunyEx463nAHkP7\">線上填寫表單</a>。</span></p>\n<p><span style=\"font-size: 14pt; font-family: arial, helvetica, sans-serif;\">二、贈閱月刊為熱心信徒捐贈，數量有限。</span></p>\n<p><span style=\"font-size: 14pt; font-family: arial, helvetica, sans-serif;\">三、原則上贈閱本為最近三個月內月刊任1本。</span></p>\n<p><span style=\"font-size: 14pt; font-family: arial, helvetica, sans-serif;\">四、本服務範圍僅限於「中華民國台灣」。</span></p>\n<p><span style=\"font-size: 14pt; font-family: arial, helvetica, sans-serif;\">五、以上未盡說明之事宜，本會保留最終解釋之權利。</span></p>\n</td>\n</tr>\n</tbody>\n</table>\n<p>&nbsp;</p>'),
(54, 4, '考試學習會', '<p>新規考試學習會</p>'),
(56, 6, '行動指針', '<div align=\"left\">\n<table style=\"border-collapse: collapse; width: 100%; height: 633px; border-color: #18BC9B; border-style: groove;\" border=\"1\">\n<tbody>\n<tr style=\"height: 23px;\">\n<td style=\"width: 100%; height: 46px; background-color: #e4edf0; text-align: center;\"><span style=\"font-family: arial, helvetica, sans-serif;\"><strong><span style=\"font-size: 18pt; color: #0025ff;\">行動指針</span></strong></span></td>\n</tr>\n<tr style=\"height: 36px;\">\n<td style=\"width: 100%; height: 79px;\"><span style=\"color: #000000; font-size: 12pt; font-family: arial, helvetica, sans-serif;\">為了更具體地落實環境保護運動，在傳道協會推行ISO14001驗證的同時，制定了「行動指針」以求於日常工作中力行環保。雖然這方針是以傳道協會工作人 員為對象，但是藉由此方針的落實，亦希望帶動各位幹部、信徒、誌友們一起為了地球環境的保護運動繼續邁進，感謝！茲列「行動指針」如下：</span></td>\n</tr>\n<tr style=\"height: 84px;\">\n<td style=\"width: 100%; height: 84px;\">\n<div align=\"left\"><span style=\"color: #e74c3c; font-family: arial, helvetica, sans-serif;\"><strong><span style=\"font-size: large;\">一、啟發活動的實施</span></strong></span></div>\n<div align=\"left\">&nbsp;</div>\n<div><span style=\"color: #000000; font-size: large; font-family: arial, helvetica, sans-serif;\">使全體職員對於地球環境問題有深入的認識，推行關懷環境，並進行啟發的活動。另外，透過傳道活動， 讓更多的人養成對自然與人類的一體感，並推薦有益於地球環境問題之改善的生活方式。</span></div>\n<div>&nbsp;</div>\n</td>\n</tr>\n<tr style=\"height: 66px;\">\n<td style=\"width: 100%; height: 66px;\">\n<div><span style=\"color: #e74c3c; font-family: arial, helvetica, sans-serif;\"><strong><span style=\"font-size: large;\">二、關懷自然生態</span></strong></span></div>\n<div>&nbsp;</div>\n<div><span style=\"font-size: large; font-family: arial, helvetica, sans-serif;\">&nbsp;&nbsp;&nbsp;&nbsp;我們基於「珍惜生命，無論是植物、動物、礦物，將一切皆視為神的生命、佛的生命之顯現的 禮拜心，是重要的」，以這一宗教心，展開各種的傳道、事業活動，來關懷自然生態。致力於保護動、植物及豐富的自然資源。</span></div>\n</td>\n</tr>\n<tr style=\"height: 66px;\">\n<td style=\"width: 100%; height: 66px;\">\n<div><span style=\"color: #e74c3c; font-family: arial, helvetica, sans-serif;\"><strong><span style=\"font-size: large;\">三、減輕環境的負荷</span></strong></span></div>\n<div>&nbsp;</div>\n<div><span style=\"color: #000000; font-size: large; font-family: arial, helvetica, sans-serif;\">我們以改善地球暖化、臭氧層破壞、大氣、水質、土壤污染等環境問題為目標。基於作為減輕環境負荷其 中的一環，推動使用自然界的乾淨能源，是極為重要的。積極地致力於如安裝太陽能發電裝置、植樹、低公害車輛的導入等。</span></div>\n</td>\n</tr>\n<tr style=\"height: 66px;\">\n<td style=\"width: 100%; height: 66px;\">\n<div><span style=\"color: #e74c3c; font-family: arial, helvetica, sans-serif;\"><strong><span style=\"font-size: large;\">四、廢棄物的減少、資源回收的促進</span></strong></span></div>\n<div>&nbsp;</div>\n<div><span style=\"font-family: arial, helvetica, sans-serif;\"><span style=\"color: #000000; font-size: large;\">我們以減少廢棄物的產生、削減最終廢棄物的量做為目標。應該活用的東西</span><span style=\"color: #000000; font-size: large;\">儘量活用，即使是老舊的東西中，還能充分使用的就加以再使用，對於已無法使用的東西則儘可能回收。 這就是實踐「感謝天地萬物」的心。</span></span></div>\n</td>\n</tr>\n<tr style=\"height: 84px;\">\n<td style=\"width: 100%; height: 84px;\">\n<div><span style=\"color: #e74c3c; font-family: arial, helvetica, sans-serif;\"><strong><span style=\"font-size: large;\">五、節省資源、節能的促進</span></strong></span></div>\n<div>&nbsp;</div>\n<div><span style=\"color: #000000; font-size: large; font-family: arial, helvetica, sans-serif;\">為了永續發展，與自然的調和是重要的。對於即將枯竭的資源、化石燃料及電力等的能源使用，進行削減 是必要的。我們基於無論資源及能源都是神、佛的顯現之想法，藉由「自制」與「自我訓練」，致力於不過度地消耗資源及能源。</span></div>\n<div>&nbsp;</div>\n</td>\n</tr>\n<tr style=\"height: 44px;\">\n<td style=\"width: 100%; height: 44px;\">\n<div><span style=\"color: #e74c3c; font-family: arial, helvetica, sans-serif;\"><strong><span style=\"font-size: large;\">六、綠色消費的促進</span></strong></span></div>\n<div>&nbsp;</div>\n<div><span style=\"color: #000000; font-size: large; font-family: arial, helvetica, sans-serif;\">基於考慮環境問題，應選擇綠色產品及服務。</span></div>\n</td>\n</tr>\n<tr style=\"height: 44px;\">\n<td style=\"width: 100%; height: 44px;\">\n<div><span style=\"color: #e74c3c; font-family: arial, helvetica, sans-serif;\"><strong><span style=\"font-size: large;\">七、遵守環境相關法規</span></strong></span></div>\n<div>&nbsp;</div>\n<div><span style=\"color: #000000; font-size: large; font-family: arial, helvetica, sans-serif;\">要遵守環境相關法規及條例、與地方政府公告。另外，如果有同意環境相關的簽署，就需要去遵守。</span></div>\n</td>\n</tr>\n<tr style=\"height: 44px;\">\n<td style=\"width: 100%; height: 44px;\">\n<div><span style=\"color: #e74c3c; font-family: arial, helvetica, sans-serif;\"><strong><span style=\"font-size: large;\">八、環境管理體制的充實</span></strong></span></div>\n<div>&nbsp;</div>\n<div><span style=\"font-size: large; font-family: arial, helvetica, sans-serif;\">加強環境管理體制，並讓各部門設定目的、目標，藉由重新審視，期使地球環境保護活動更加 充實，致力於持續的改善。</span></div>\n</td>\n</tr>\n<tr style=\"height: 75px;\">\n<td style=\"width: 100%; height: 10px;\">\n<div><span style=\"color: #e74c3c; font-family: arial, helvetica, sans-serif;\"><strong><span style=\"font-size: large;\">&nbsp;</span></strong><strong><span style=\"font-size: large;\">九、資訊公開</span></strong></span></div>\n<div>&nbsp;</div>\n<div><span style=\"font-size: large; font-family: arial, helvetica, sans-serif;\">環境方針透由職員專用的網頁，告知全體職員。另外，對外透過網頁公告周知。</span></div>\n</td>\n</tr>\n</tbody>\n</table>\n</div>\n<div align=\"left\"><span style=\"font-size: 12pt; text-align: -webkit-right; font-family: arial, helvetica, sans-serif;\">(民國98年2月14日 第8屆第9次臨時理事會通過)</span></div>\n<div align=\"left\">&nbsp;</div>\n<div align=\"left\">&nbsp;</div>\n<div>&nbsp;</div>\n<div>&nbsp;</div>\n<div>&nbsp;</div>\n<div>&nbsp;</div>\n<div>&nbsp;</div>\n<div>&nbsp;</div>'),
(57, 6, '環境政策', '<div style=\"text-align: left;\" align=\"center\">\n<table style=\"border-collapse: collapse; width: 100%; height: 231px;\" border=\"1\">\n<tbody>\n<tr style=\"height: 32px;\">\n<td style=\"width: 100%; height: 35px; background-color: #bfedd2; text-align: center;\"><span style=\"font-size: 18pt; font-family: arial, helvetica, sans-serif; color: #0003ff;\"><strong>社團法人中華民國生長之家傳道協會環境政策</strong></span></td>\n</tr>\n<tr style=\"height: 199px;\">\n<td style=\"width: 100%; height: 199px;\">\n<div>\n<div>\n<div><span style=\"color: #800000; font-size: 14pt; font-family: arial, helvetica, sans-serif;\">&nbsp; &nbsp; &nbsp; &nbsp; 地球環境的問題，其 影響擴及到整個地球之同時，也會演變成往後世代所應面對的嚴重問題。今日，對於我們人類所必要的事，感謝大自然的恩惠，無論對於山川草木礦物與能源──將 一切皆視為神的生命、佛的生命之顯現來禮拜，領受與它們共同被養活著的宗教心。唯有根據這一宗教心的生活之實踐，才是解決地球環境問題的關鍵。</span></div>\n<div><span style=\"color: #800000; font-size: 14pt; font-family: arial, helvetica, sans-serif;\">&nbsp; &nbsp; &nbsp; &nbsp; 生長之家自一九三○年立教以來，即以「感謝天地一切萬物」的教義作為根本，並向全人類推廣將萬物視為神的生命、佛的生命來禮拜的生活態度。</span></div>\n<div><span style=\"color: #800000; font-size: 14pt; font-family: arial, helvetica, sans-serif;\">&nbsp; &nbsp; &nbsp; &nbsp; 生長之家在廣傳這一宗教心的同時，致力於具有現代意義的宗教生活之實踐來處理環境問題，透過媒體及活動對地球環境之保全來進行貢獻，期能保護我們「美麗的 地球」。</span></div>\n<div>&nbsp;</div>\n</div>\n</div>\n<div style=\"text-align: left;\" align=\"right\"><span style=\"color: #000000; font-size: 12pt; font-family: arial, helvetica, sans-serif;\">(民國97年8月31日 &nbsp;第8屆第6次定期理事會通過)</span></div>\n<div align=\"right\">\n<div style=\"text-align: left;\" align=\"right\"><span style=\"color: #000000; font-size: 12pt; font-family: arial, helvetica, sans-serif;\">(民國99年1月10日 &nbsp;第8屆第15次臨時理事會修正通過)</span></div>\n</div>\n</td>\n</tr>\n</tbody>\n</table>\n</div>\n<div style=\"text-align: left;\">&nbsp;</div>'),
(58, 6, '關於ISO14001', '<div style=\"text-align: left;\" align=\"center\">\n<table style=\"border-collapse: collapse; width: 100%; height: 78px;\" border=\"1\">\n<tbody>\n<tr style=\"height: 32px;\">\n<td style=\"width: 100%; height: 32px; background-color: #bfedd2; text-align: center;\"><span style=\"color: #0003ff;\"><strong><span style=\"font-family: Arial; font-size: 14pt; text-align: -webkit-center;\">ISO14001驗證的意義</span></strong></span></td>\n</tr>\n<tr style=\"height: 10px;\">\n<td style=\"width: 100%; height: 10px;\">\n<div align=\"right\"><span style=\"color: #000000; font-family: Arial; font-size: 12pt;\">ISO14001推動小組整理</span></div>\n<div align=\"center\">&nbsp;</div>\n<div><span style=\"color: #000000; font-size: 14pt; font-family: arial, helvetica, sans-serif;\">本協會於民國96年 度運動方針中提出「五年內取得ISO14001驗證」的工作目標。本文將針對何謂ISO14001及驗證取得之意義，簡介如下：</span></div>\n<div>&nbsp;</div>\n<div><span style=\"color: #000000; font-family: arial, helvetica, sans-serif; font-size: 14pt;\">&nbsp; &nbsp; &nbsp; &nbsp; 所 謂「ISO（the International Organization for Standarization）」為了使貿易等順暢進行，制定國際統一規格之一國際標準組織，其為世界性非政府的組織。此組織為了回應聯合國於1992年 舉辦地球高峰會議，所提倡之持續改善與永續發展的環境保護精神，研擬制定ISO14001（環境管理系統），是國際標準化之環境管理標準系列，最主要目的 在於透過環境管理的方法，減少因工商業活動對環境所造成的污染破壞，以保護地球的環境。</span></div>\n<div><span style=\"color: #000000; font-size: 14pt; font-family: arial, helvetica, sans-serif;\">&nbsp; &nbsp; &nbsp; &nbsp; 地球暖化將嚴重影響全人類之生存，因此遏止其持續惡化、保護地球環境，是全體人們的責任。我們每個 人必須檢視自己的生活習慣，削減日常生活中排出之溫室氣體，以防止地球持 續暖化。</span></div>\n<div><span style=\"color: #000000; font-family: arial, helvetica, sans-serif; font-size: 14pt;\">&nbsp; &nbsp; &nbsp; &nbsp; 本會推動致力於ISO14001驗證之取得，首先針對於職員在會館內執行業務，透過制訂之「環境管理系統」，具體的削減二氧化碳之排出量，在業務進行中關懷 環境的保護及資源的珍惜。同時更帶動誌友們對環境關懷之共識，落實節能減碳之環境保護，於學習真理所舉辦之活動及日常生活中。</span></div>\n<div align=\"right\"><span style=\"color: #000000; font-family: Arial; font-size: 12pt;\">(本文原刊於《生長之家》月 刊98年3月號，部分內容修改)</span></div>\n</td>\n</tr>\n</tbody>\n</table>\n</div>\n<div align=\"center\">&nbsp;</div>\n<div style=\"text-align: left;\" align=\"right\">&nbsp;</div>'),
(59, 6, '一湯一飯', '<p><img src=\"http://www.seicho-no-ie.org.tw/php/picture/2019-12-21_19-49-53.jpg\" /></p>'),
(60, 6, '生活紀錄表', '<p>製作中</p>'),
(62, 7, '聖使命誠魂奉安祭', '<table style=\"border-collapse: collapse; width: 101.558%; height: 165px;\" border=\"1\">\n<tbody>\n<tr style=\"height: 19px;\">\n<td style=\"width: 100%; height: 30px; background-color: #bfedd2; text-align: center;\"><span style=\"font-size: 18pt; color: #0003ff; font-family: arial, helvetica, sans-serif;\">聖使命誠魂奉安祭</span></td>\n</tr>\n<tr style=\"height: 95px;\">\n<td style=\"width: 100%; height: 95px;\"><span style=\"font-size: 14pt; color: #000000; font-family: arial, helvetica, sans-serif;\">谷口雅春先生在著書《真理就在生活之中》的「成為聖使命菩薩的功德」（p.165）一文中 有如下說明：「家族全員競相成為聖使命會員，將使全體家族繁榮興盛。若是成為聖使命會員，會員之名與其誠魂將被視為「聖使命菩薩」並奉安於本部（為今生長 之家總本山）「實相本尊」尊前之寶筐。且本部職員及眾信徒們會將其誠魂視作「聖使命菩薩」而禮拜，並以「聖經讀誦」供養之。如此一來，被奉祀者本人的如來 無礙之實相、完全之相將即早顯現，其功德將充滿於無盡的法界，使一門家族親族所有人過去之惡業，因而消滅，一切惡因緣因而解脫。」至於台灣新加入聖使命會 者的誠魂用紙，於傳道協會中對誠魂施以祝福並以聖經供養，一枚奉安於傳道協會之寶筐，一枚則透過國際本部送至總本山。</span></td>\n</tr>\n<tr style=\"height: 19px;\">\n<td style=\"width: 100%; height: 19px; text-align: center;\"><span style=\"font-family: arial, helvetica, sans-serif;\"><strong><span style=\"font-size: 14pt; color: #0003ff;\">奉安誠魂儀式程序</span></strong></span></td>\n</tr>\n<tr style=\"height: 247px;\">\n<td style=\"width: 100%; height: 10px; vertical-align: top;\"><span style=\"font-size: 14pt; color: #000000; font-family: arial, helvetica, sans-serif;\">一、齊唱聖歌<br />二、開式&mdash;奉安誠魂儀式開始<br />三、禮拜實相<br />四、招神歌<br />五、奉安誠魂<br />六、上奏詞<br />七、讀誦《聖使命菩薩讚偈》<br />八、讀誦聖經《甘露之法雨》<br />九、「光明思念之歌」<br />十、閉式&mdash;請祭員退場</span><br /><span style=\"font-size: 14pt; color: #000000; font-family: arial, helvetica, sans-serif;\">十一、致感謝詞</span></td>\n</tr>\n</tbody>\n</table>\n<p><span style=\"font-size: 14pt; font-family: arial, helvetica, sans-serif;\">※每月於本會第二會館(台北市錦州街8號2樓)講堂舉辦乙次，歡迎參加。</span></p>'),
(63, 7, '聖使命會感謝奉納祭', '<p><img src=\"http://www.seicho-no-ie.org.tw/php/picture/2019-12-21_22-41-51.jpg\" /></p>'),
(65, 10, '生命學園規程', '<p>檔案</p>'),
(66, 10, '入園申請', '<p>台北生命學園</p>\n<p>台中生命學園</p>\n<p>高雄生命學園</p>'),
(67, 10, '生長之家生命學園FB', '<p>FB</p>'),
(68, 2, '自然恩惠Festa', ''),
(69, 2, '活動剪影', '<table style=\"border-collapse: collapse; width: 100%; height: 1058px;\" border=\"1\">\n<tbody>\n<tr style=\"height: 51px;\">\n<td style=\"width: 100%; height: 30px; background-color: #bfedd2;\">\n<p style=\"text-align: center;\"><strong><span style=\"font-family: arial, helvetica, sans-serif; font-size: 18pt; color: #0003ff;\">活動照片、活動影片</span></strong></p>\n</td>\n</tr>\n<tr style=\"height: 175px;\">\n<td style=\"width: 100%; height: 175px;\"><strong><span style=\"font-family: arial, helvetica, sans-serif; font-size: 14pt; color: #e03e2d;\">2019年度</span></strong><br />\n<p><span style=\"font-size: 14pt; font-family: arial, helvetica, sans-serif;\">●第67回神性開發練成會於11月1日~11月3日在高雄農場舉行，<a href=\"https://youtu.be/5xzLXCeHvF8\">活動影片</a>。</span></p>\n<p><span style=\"font-size: 14pt; font-family: arial, helvetica, sans-serif;\">●第5回親子練成會(2019.8.9~11)，<a href=\"https://youtu.be/HK9ytZJGoKc\">精彩影片</a>。</span></p>\n<p><span style=\"font-size: 14pt; font-family: arial, helvetica, sans-serif;\">●2019夏季青少年練成會(2019.07.12~14)，<a href=\"https://youtu.be/De6k8Yl1OOY\">精彩影片</a>。</span></p>\n<p><span style=\"font-size: 14pt; font-family: arial, helvetica, sans-serif;\">●第66回神性開發練成會<a href=\"https://youtu.be/whQaJMRTJyA\">活動影片</a>(2019.05.03～05)。</span></p>\n</td>\n</tr>\n<tr style=\"height: 140px;\">\n<td style=\"width: 100%; height: 140px;\"><strong><span style=\"font-size: 14pt; font-family: arial, helvetica, sans-serif; color: #e03e2d;\">2018年度</span></strong><br />\n<p><span style=\"font-size: 14pt; font-family: arial, helvetica, sans-serif;\">●第9回青年練成會(12/14~12/16) 於聖愛山莊舉辦，<a href=\"https://youtu.be/fndmw2XHSUM\">精彩活動影片</a>。</span></p>\n<p><span style=\"font-size: 14pt; font-family: arial, helvetica, sans-serif;\">●親子練成會於8/17-8/19在后里長青山莊舉行，<a href=\"https://youtu.be/XXFQ9DHRCrc\">精彩活動影片</a>。</span></p>\n<p><span style=\"font-size: 14pt; font-family: arial, helvetica, sans-serif;\">●第64回神性開發練成會<a href=\"https://youtu.be/gXN-JzdZxJQ\">活動影片</a>(2018.04.20～22)。</span></p>\n</td>\n</tr>\n<tr style=\"height: 113px;\">\n<td style=\"width: 100%; height: 113px;\">\n<p><strong><span style=\"font-size: 14pt; font-family: arial, helvetica, sans-serif; color: #e03e2d;\">2017年度</span></strong></p>\n<p><span style=\"font-size: 14pt; font-family: arial, helvetica, sans-serif;\">●第8回青年練成會(10/8~10/10) 於復興青年活動中心舉辦，<a href=\"https://youtu.be/C-FhtZKLzlw\">精彩活動影片</a>。</span><br /><span style=\"font-size: 14pt; font-family: arial, helvetica, sans-serif;\">●親子練成會於8/4-8/6在台中市太平區聖愛山莊舉行，<a href=\"https://youtu.be/e94ppcUs4Vo\">精彩活動影片</a>。</span><br /><span style=\"font-size: 14pt; font-family: arial, helvetica, sans-serif;\">●青少年練成會於7/7-7/9在高雄傳習齋舉行，<a href=\"https://youtu.be/FYRisFxby1w\">精彩活動影片</a>。</span><br /><span style=\"font-size: 14pt; font-family: arial, helvetica, sans-serif;\">●第62回神性開發練成會<a href=\"https://youtu.be/a6H3t4q3P30\">活動影片</a> (2017.04.21～23)&nbsp;2017.04.30</span></p>\n</td>\n</tr>\n<tr style=\"height: 151px;\">\n<td style=\"width: 100%; height: 151px;\">\n<p><strong><span style=\"font-size: 14pt; font-family: arial, helvetica, sans-serif; color: #e03e2d;\">2016年度</span></strong></p>\n<p><span style=\"font-size: 14pt; font-family: arial, helvetica, sans-serif;\">●第7回青年練成會<a href=\"https://youtu.be/cvPkmheSbEg\">活動影片</a>&nbsp;(2016.10.08～10.10)&nbsp;2016.10.14</span><br /><span style=\"font-size: 14pt; font-family: arial, helvetica, sans-serif;\">●第60回神性開發練成會<a href=\"http://photo.xuite.net/seichonoie.tw/19835546\">活動相簿</a>&nbsp;(2016.04.29～05.01)&nbsp;2016.05.04</span><br /><span style=\"font-size: 14pt; font-family: arial, helvetica, sans-serif;\">●SNI台灣自行車部成立大會<a href=\"https://youtu.be/tukyMAqowiw\">活動影片</a>&nbsp;(2016.06.11)&nbsp;2016.06.14</span><br /><span style=\"font-size: 14pt; font-family: arial, helvetica, sans-serif;\">●第二回親子練成會<a href=\"http://photo.xuite.net/seichonoie.tw/19903315\">活動相簿</a>&nbsp;(2016.08.05~08.07)&nbsp;2016.08.29更新</span><br /><span style=\"font-size: 14pt; font-family: arial, helvetica, sans-serif;\">&nbsp;&nbsp;<strong>新增</strong>親子練成會<a href=\"https://youtu.be/jTnFNwXma3Q\">【精彩晚會剪影】</a>、<a href=\"https://youtu.be/wDW1-5KGF68\">【精彩內容回顧】</a>、<a href=\"https://youtu.be/uljoquKZM-4\">【神奇寶貝戲劇表演_隊輔】</a>。</span><br /><span style=\"font-size: 14pt; font-family: arial, helvetica, sans-serif;\">●第61回神性開發練成會<a href=\"http://photo.xuite.net/seichonoie.tw/19958188.sld2\">活動相簿</a>&nbsp;(2016.11.04～11.06)&nbsp;2016.11.09</span><br /><br /></p>\n</td>\n</tr>\n<tr style=\"height: 151px;\">\n<td style=\"width: 100%; height: 151px;\">\n<p><strong><span style=\"font-size: 14pt; font-family: arial, helvetica, sans-serif; color: #e03e2d;\">2015年度</span></strong></p>\n<p><span style=\"font-size: 14pt; font-family: arial, helvetica, sans-serif;\">●第58回神性開發練成會<a href=\"http://youtu.be/csJdLCAi2n0\">活動影片</a>、<a href=\"http://photo.xuite.net/seichonoie.tw/19526174\">活動相簿</a>&nbsp;(2015.05.01～05.03)(2015.05.11更新)</span><br /><span style=\"font-size: 14pt; font-family: arial, helvetica, sans-serif;\">●2015年青少年練成會，<a href=\"http://photo.xuite.net/seichonoie.tw/19600147\">活動相簿</a>。&nbsp;(2015.07.21)</span><br /><span style=\"font-size: 14pt; font-family: arial, helvetica, sans-serif;\">●2015年自然恩惠Festa&nbsp;<a href=\"https://youtu.be/W4fbHTEliBs\">精彩活動影片</a>(9/5台中、9/6台北、9/12高雄)。&nbsp;(2015.09.20)</span><br /><span style=\"font-size: 14pt; font-family: arial, helvetica, sans-serif;\">●第6回青年練成會&nbsp;<a href=\"https://youtu.be/RquMN_qJceg\">精彩活動影片</a>(2015.10.09～10.11)。&nbsp;(2015.10.13)</span><br /><span style=\"font-size: 14pt; font-family: arial, helvetica, sans-serif;\">●第59回神性開發練成會<a href=\"https://youtu.be/hAHatQuCtpE\">精彩影片</a>、<a href=\"http://photo.xuite.net/seichonoie.tw/19689828.sld2\">活動相簿</a>。(2015.10.30~11.01)&nbsp;(2015.11.02更新)</span><br /><span style=\"font-size: 14pt; font-family: arial, helvetica, sans-serif;\">●第10回全國幹部研修會<a href=\"http://photo.xuite.net/seichonoie.tw/19743163\">活動相簿</a>。(2015.12.19~12.20)&nbsp;(2016.01.03)</span><br /><br /></p>\n</td>\n</tr>\n<tr style=\"height: 227px;\">\n<td style=\"width: 100%; height: 227px;\">\n<p><span style=\"font-size: 14pt; font-family: arial, helvetica, sans-serif;\">&nbsp;<span style=\"color: #e03e2d;\"><strong>2014 年度</strong></span></span></p>\n<p><span style=\"font-size: 14pt; font-family: arial, helvetica, sans-serif;\">●第56回神性開發練成會<a href=\"http://www.seicho-no-ie.org.tw/Sitebuilder/page27_7.html\">活動花絮</a>&nbsp;&nbsp;<a href=\"http://photo.xuite.net/seichonoie.tw/19167517\">活動相簿</a>&nbsp;&nbsp;<a href=\"http://youtu.be/OkF-d3kXAs8\">活動影片</a>(2014.05.09～05.11)&nbsp;(2014.08.09更新)</span><br /><span style=\"font-size: 14pt; font-family: arial, helvetica, sans-serif;\">●<a href=\"http://photo.xuite.net/seichonoie.tw/19165066\">谷口雅春大聖師29年祭</a>(06.17)</span><br /><span style=\"font-size: 14pt; font-family: arial, helvetica, sans-serif;\">●生長之家演講會：<a href=\"http://photo.xuite.net/seichonoie.tw/19165131\">台北</a>、<a href=\"http://photo.xuite.net/seichonoie.tw/19165312\">台中</a>、<a href=\"http://photo.xuite.net/seichonoie.tw/19165321\">高雄</a></span><br /><span style=\"font-size: 14pt; font-family: arial, helvetica, sans-serif;\">●青少年練成會&nbsp;<a href=\"http://photo.xuite.net/seichonoie.tw/19165348\">活動相簿</a>、<a href=\"http://youtu.be/xLut6zjdSlc\">活動影片</a>(2014.07.11～07.13)&nbsp;(2014.09.29更新)</span><br /><span style=\"font-size: 14pt; font-family: arial, helvetica, sans-serif;\">●第一回親子練成會<a href=\"http://photo.xuite.net/seichonoie.tw/19191195\">活動相簿</a>、<a href=\"http://youtu.be/6sNr-GGU_Xw\">回顧影片</a>、<a href=\"http://youtu.be/pc_fQcKVLbk\">晚會表演影片</a>(2014.08.15~08.17)</span><br /><span style=\"font-size: 14pt; font-family: arial, helvetica, sans-serif;\">●第二回長壽一日見真會(台北教化支部09.20)<a href=\"http://youtu.be/RuQhRHyC0Cw\">活動影片</a></span><br /><span style=\"font-size: 14pt; font-family: arial, helvetica, sans-serif;\">●第二回長壽一日見真會(台中教化支部09.27)<a href=\"http://youtu.be/5eRdpk7HcqY\">活動影片</a></span><br /><span style=\"font-size: 14pt; font-family: arial, helvetica, sans-serif;\">●第5回青年練成會&nbsp;<a href=\"http://youtu.be/mC6oOT4Dotw\">精彩活動影片</a>、<a href=\"http://photo.xuite.net/seichonoie.tw/19287423\">活動相簿</a>&nbsp;(2014年10月10日~12日)&nbsp;(2014.10.31更新)</span><br /><span style=\"font-size: 14pt; font-family: arial, helvetica, sans-serif;\">●第9回全國幹部研修會，<a href=\"http://photo.xuite.net/seichonoie.tw/19307729\">活動相簿</a>。(2014年11月8日~9日)&nbsp;(2014.11.15)</span><br /><span style=\"font-size: 14pt; font-family: arial, helvetica, sans-serif;\">●第57回神性開發練成會，<a href=\"http://photo.xuite.net/seichonoie.tw/19351383\">活動相簿</a>。(2014年12月12日~14日) (2014.12.15)</span></p>\n</td>\n</tr>\n</tbody>\n</table>'),
(70, 12, '聖經及經本讀誦影片', '<table style=\"border-collapse: collapse; width: 100%; height: 1631px;\" border=\"1\">\n<tbody>\n<tr style=\"height: 19px;\">\n<td style=\"width: 100%; height: 35px; background-color: #bfedd2; text-align: center;\"><strong><span style=\"font-size: 18pt; color: #0003ff; font-family: arial, helvetica, sans-serif;\">聖經及經本讀誦影片</span></strong></td>\n</tr>\n<tr style=\"height: 38px;\">\n<td style=\"width: 100%; height: 60px;\"><span style=\"font-size: 14pt;\">聖經《甘露之法雨》國語版</span><br /><span style=\"font-size: 14pt;\">內容：招神歌、《聖使命菩薩讚偈》、『七個燈臺的點燈者』之神示、《甘露之法雨》本文、光明思念之歌</span></td>\n</tr>\n<tr style=\"height: 325px;\">\n<td style=\"width: 100%; height: 325px;\"><iframe src=\"//www.youtube.com/embed/ZGy1BxAWoQo\" width=\"100%\" height=\"320\" allowfullscreen=\"allowfullscreen\"></iframe></td>\n</tr>\n<tr style=\"height: 10px;\">\n<td style=\"width: 100%; height: 60px;\"><span style=\"font-size: 14pt;\">聖經《甘露之法雨》台語版</span><br /><span style=\"font-size: 14pt;\">內容：招神歌、《甘露之法雨》本文、光明思念之歌</span></td>\n</tr>\n<tr style=\"height: 325px;\">\n<td style=\"width: 100%; height: 325px;\"><iframe src=\"//www.youtube.com/embed/m7245YTBvGA\" width=\"100%\" height=\"320\" allowfullscreen=\"allowfullscreen\"></iframe></td>\n</tr>\n<tr style=\"height: 38px;\">\n<td style=\"width: 100%; height: 60px;\"><span style=\"font-size: 14pt;\">聖經 《天使之語言》</span><br /><span style=\"font-size: 14pt;\">內容：招神歌、久遠生命之神示、《天使之語言》本文、久遠生命之歌、光明思念之歌</span></td>\n</tr>\n<tr style=\"height: 325px;\">\n<td style=\"width: 100%; height: 325px;\"><iframe src=\"//www.youtube.com/embed/sg4QZZFlpcU\" width=\"100%\" height=\"320\" allowfullscreen=\"allowfullscreen\"></iframe></td>\n</tr>\n<tr style=\"height: 38px;\">\n<td style=\"width: 100%; height: 60px;\"><span style=\"font-size: 14pt;\">聖經 續續《甘露之法雨》</span><br /><span style=\"font-size: 14pt;\">內容：招神歌、懺悔之神示、續續 《甘露之法雨》本文、光明思念之歌</span></td>\n</tr>\n<tr style=\"height: 325px;\">\n<td style=\"width: 100%; height: 325px;\"><iframe src=\"//www.youtube.com/embed/LqLpDT6OmNE\" width=\"100%\" height=\"320\" allowfullscreen=\"allowfullscreen\"></iframe></td>\n</tr>\n</tbody>\n</table>'),
(71, 7, '關於聖使命會', '<table style=\"border-collapse: collapse; width: 100%; height: 2291px;\" border=\"1\">\n<tbody>\n<tr style=\"height: 28px;\">\n<td style=\"width: 100%; height: 37px; background-color: #bfedd2; text-align: center;\"><span style=\"color: #0003ff; font-size: 18pt;\">關於聖使命會</span></td>\n</tr>\n<tr style=\"height: 19px;\">\n<td style=\"width: 100%; height: 35px;\"><span style=\"font-size: 14pt; font-family: arial, helvetica, sans-serif;\">●《生長之家》月刊108年11月號<a href=\"https://drive.google.com/open?id=1c8WzChTWaXH87AEsDB_Vhyw3GEJk8vsv\">「聖使命會特集」</a>，敬請閱覽。</span></td>\n</tr>\n<tr style=\"height: 2410px;\">\n<td style=\"width: 100%; height: 2219px; vertical-align: top;\">\n<p><img src=\"http://www.seicho-no-ie.org.tw/php/picture/2019-12-21_16-08-51.jpg\" /></p>\n<p><img src=\"http://www.seicho-no-ie.org.tw/php/picture/2019-12-21_16-09-30.jpg\" /></p>\n<p><img src=\"http://www.seicho-no-ie.org.tw/php/picture/2019-12-21_16-09-39.jpg\" /></p>\n<p><img src=\"http://www.seicho-no-ie.org.tw/php/picture/2019-12-21_16-09-53.jpg\" /></p>\n</td>\n</tr>\n</tbody>\n</table>'),
(72, 8, '聖經千卷讀誦運動', '<table style=\"border-collapse: collapse; width: 100%;\" border=\"1\">\n<tbody>\n<tr>\n<td style=\"width: 100%; height: 30px; background-color: #bfedd2; text-align: center;\"><span style=\"color: #0003ff;\"><strong><span style=\"font-size: 18pt;\">聖經千卷讀誦運動</span></strong></span></td>\n</tr>\n<tr>\n<td style=\"width: 100%;\">\n<p><span style=\"font-size: medium;\">中華民國生長之家傳道協會在本年度的運動方針中，揭示了「實踐讀誦聖經千卷運動」。何謂讀誦聖經千卷？究竟有何種功德？在此將一一詳述，希望大家能有所 理解，以真理的語言淨化台灣，並使我們的宏願(聖使命會員六千名、新會館建設等)與個人的願望得以成就。<img class=\"mceWPmore mceItemNoResize\" title=\"繼續閱讀&hellip;\" src=\"http://www.seicho-no-ie.org.tw/wordpress/wp-includes/js/tinymce/plugins/wordpress/img/trans.gif\" alt=\"\" /></span></p>\n<p><span style=\"font-size: medium;\">　　生長之家創始者谷口雅春先生對於生長之家的聖經 《甘露之法雨》昭示如下：</span></p>\n<p><span style=\"font-size: medium;\">「聖經《甘露之法雨》，小則治癒個人之疾病，大則治癒國家的大病。」</span></p>\n<p><span style=\"font-size: medium;\">為何《聖經》有如此之功德？谷口雅春先生曾經（《光之泉》一九七六年十二月號）教示如下：</span></p>\n<p><span style=\"font-size: medium;\">　　「所謂讀誦聖經可積累功德，這是指一切的宗教都 是靈界對人類的救濟運動，是由靈界的靈們所指導進行的，而人類便 是祂們的指導對象。有相當多的例子顯示，宗教之所以興起，乃是因為在信徒之中，有的人擁有靈覺，可直接聆聽靈的聲音，由於這樣的人一般而言並不多，因此被 教祖選作靈的媒介者，以傳達靈的聲音。</span></p>\n<p><span style=\"font-size: medium;\">　　是故，靈界在進行人類救濟運動之時，高級靈們總 是透過諸如明示教義的聖經等聖物來守護人們，並前往讀誦聖經者的 所在，對於患病者，指引他們走向痊癒之路便是靈界的工作。例如對於始終不幸的人，會指引他讓他的命運變得更加幸福；對於經濟困難的人，會給予他一個好的靈 感。靈們便是這樣協助形形色色的人們。」谷口雅春先生對於「深信聖經必會帶來功德的強烈信念，將使疾病痊癒」，在聖典《女人是愛的太陽》一書中亦指導如 下：</span></p>\n<p><span style=\"font-size: medium;\">　　「事實上，這並不是讀了多少次聖經會治癒、或是只讀幾遍就不會痊癒的問題。（中略）抱著一天讀誦五次、十次的心 境，不論症狀如何，『此聖經必定帶來功德』，擁有這份強烈的信念，才能持之以恆、長久而持續地讀誦下去，在反覆讀誦之際，聖經中所寫的真理，會在自己的潛 意識中留下深刻印象，讀誦者本身會深深自覺到『病本來即無』之真理，這份自覺亦會反映在身上，使疾病消失。此誠如『你的信仰，將治癒你』所言。」</span></p>\n<p><span style=\"font-size: medium;\">傳道協會印製「聖經千卷讀誦表」，致贈有意參與者。讓我們滿心歡喜，用讚頌唯神實相真理的至高無上的真理語言，發起光明的波動，展開淨化靈界與現象界的「實踐行」吧！</span></p>\n</td>\n</tr>\n<tr>\n<td style=\"width: 100%;\"><strong><span style=\"font-size: 14pt; color: #0003ff;\">◎&nbsp;<big>聖經《甘露之法雨》讀誦的語詞</big></span></strong><br /><br />生長之家大神，敬請守護我。<br />從現在起，讓我來讀誦聖經。<br />大神的聖言，響徹我心，並且淨化我。<br />大神的聖言，響徹我的家族、我的朋友、<br />認識的人、我所居住的地區、我中華民國，<br />乃至全世界，並且淨化一切的人、物、事。<br />成就我的願望，顯現神子完全圓滿的實相。</td>\n</tr>\n</tbody>\n</table>\n<p>&nbsp;</p>'),
(73, 9, '靈牌書寫注意事項', '<p><img src=\"http://www.seicho-no-ie.org.tw/php/picture/2019-12-21_18-32-31.jpg\" /></p>\n<p><span style=\"font-size: 14pt;\">※請詳閱《支配人生的祖先供養》</span></p>\n<p><span style=\"font-size: 14pt;\"><img src=\"http://www.seicho-no-ie.org.tw/php/picture/2019-12-24_15-56-39.jpg\" /></span></p>'),
(74, 19, '網站設置規範', '<table style=\"border-collapse: collapse; width: 100%; height: 847px;\" border=\"1\">\n<tbody>\n<tr style=\"height: 30px;\">\n<td style=\"width: 100%; height: 30px; background-color: #bfedd2; text-align: center;\"><span style=\"color: #0003ff; font-family: arial, helvetica, sans-serif;\"><strong><span style=\"font-size: 18pt;\">網站設置規範</span></strong></span></td>\n</tr>\n<tr style=\"height: 187px;\">\n<td style=\"width: 100%; height: 187px;\"><span style=\"font-size: 14pt; font-family: arial, helvetica, sans-serif;\">※只有「中華民國生長之家傳道協會官方網站」及「<a href=\"https://www.facebook.com/seichonoie.tw\">中華民國生長之家傳道協會粉絲專頁</a>」才是生長之家的正式網站及臉書專頁，其餘的網站及臉書使用到生長之家名稱者，與本會無關，其發言是其個人之發言，自負言論之責任。</span><br /><br /><span style=\"font-size: 14pt; font-family: arial, helvetica, sans-serif;\">※生長之家「森林中的辦公室」Logo Mark，以及象徵萬教歸一的「生長之家」Mark，若要使用 這二種Mark，需事先向本會及國際本部提出申請，在取得許可方能使用。已經刊登「生長之家&nbsp; Logo Mark」者，但在尚未取得許可前，需撤除。</span><br /><br /><span style=\"font-size: 14pt; font-family: arial, helvetica, sans-serif;\">※中華民國生長之家誌友個人網站設置規範，詳如下面條文記載，敬請遵守。</span></td>\n</tr>\n<tr style=\"height: 630px;\">\n<td style=\"width: 100%; height: 100%; vertical-align: top;\"><img src=\"http://www.seicho-no-ie.org.tw/php/picture/2019-12-21_19-41-27.jpg\" /></td>\n</tr>\n</tbody>\n</table>'),
(75, 12, 'SNI_tw真理傳播網', '<table style=\"border-collapse: collapse; width: 100%;\" border=\"1\">\n<tbody>\n<tr>\n<td style=\"width: 100%; height: 30px; background-color: #bfedd2; text-align: center;\"><span style=\"font-family: arial, helvetica, sans-serif;\"><strong><span style=\"font-size: 18pt; color: #0003ff;\">SNI_tw真理傳播網</span></strong></span></td>\n</tr>\n<tr>\n<td style=\"width: 100%;\">\n<p style=\"font-weight: 400;\"><span style=\"font-size: 14pt; font-family: arial, helvetica, sans-serif;\">108年5月6日開始每天<strong><span style=\"color: #e03e2d;\">早上5:10</span></strong>由講師帶導早晨行事、8月5日開始每天<strong><span style=\"color: #e03e2d;\">晚上9:00</span></strong>由講師帶導時修基本神想觀。</span></p>\n<p style=\"font-weight: 400;\"><span style=\"font-size: 14pt; font-family: arial, helvetica, sans-serif;\">內容為：</span></p>\n<p style=\"font-weight: 400;\"><span style=\"font-family: arial, helvetica, sans-serif;\"><span style=\"font-size: 14pt;\">實修基本神想觀(或淨圓月觀、修「四無量心」的神想觀)、讀誦《聖使命菩薩讚偈》、《真裡的吟唱》、《日日的祈禱》</span><span style=\"font-size: 14pt;\">『七個燈臺的點燈者』之神示、讀誦聖經《甘露之法雨》、</span><span style=\"font-size: 14pt;\">生長之家信徒行持要目、光明語言等。</span></span></p>\n<p style=\"font-weight: 400;\"><span style=\"font-size: 14pt; font-family: arial, helvetica, sans-serif;\"><strong>若實修淨圓月觀時</strong>(<a href=\"https://drive.google.com/open?id=1MBiCiuCWoLoILnFjVH07O4I3eQDrc_iH\">閱覽淨圓月觀資料</a>)。</span></p>\n</td>\n</tr>\n<tr>\n<td style=\"width: 100%;\">\n<p><span style=\"color: #0003ff; font-family: arial, helvetica, sans-serif;\"><strong><span style=\"font-size: 14pt;\">講師講課訊息：&nbsp;歡迎大家上線聽課，合掌感謝！</span></strong></span><br /><br /><span style=\"font-size: 14pt; font-family: arial, helvetica, sans-serif;\">&lt;每週一 &gt;</span></p>\n<p><span style=\"font-size: 14pt; font-family: arial, helvetica, sans-serif;\">上午09:00~10:00李鏐講師導讀、教材：《青年之書》</span><br /><span style=\"font-size: 14pt; font-family: arial, helvetica, sans-serif;\">上午10:00~11:00蕭璘琇講師導讀、教材：《日常生活中的真理 佛典篇》</span><br /><br /><span style=\"font-size: 14pt; font-family: arial, helvetica, sans-serif;\">&lt;每週二&gt;</span></p>\n<p><span style=\"font-size: 14pt; font-family: arial, helvetica, sans-serif;\">上午09:00~10:00呂素秋講師導讀、教材：《支配人生的祖先供養》</span><br /><span style=\"font-size: 14pt; font-family: arial, helvetica, sans-serif;\">上午10:00~11:00呂素秋講師導讀、教材：《愛情教室》</span><br /><br /><span style=\"font-size: 14pt; font-family: arial, helvetica, sans-serif;\">&lt;每週四&gt;</span></p>\n<p><span style=\"font-size: 14pt; font-family: arial, helvetica, sans-serif;\">上午09:00~11:00楊淑朱講師講課、教材：《產生奇蹟的實相哲學》上、下冊&nbsp;</span></p>\n</td>\n</tr>\n<tr>\n<td style=\"width: 100%;\">&nbsp;</td>\n</tr>\n<tr>\n<td style=\"width: 100%;\">\n<p><span style=\"color: #0003ff; font-size: 14pt; font-family: arial, helvetica, sans-serif;\"><strong>關於「</strong><strong>SNI_tw真理傳播網」的規定：</strong></span><br /><br /><span style=\"font-size: 14pt; font-family: arial, helvetica, sans-serif;\">①於協會LINE上，不貼圖。</span><br /><span style=\"font-size: 14pt; font-family: arial, helvetica, sans-serif;\">②不貼個人相片、活動相片。</span><br /><span style=\"font-size: 14pt; font-family: arial, helvetica, sans-serif;\">③不得錄音、錄影、不得轉載，不轉載其他的LINE和Facebook的data和訊息。</span><br /><span style=\"font-size: 14pt; font-family: arial, helvetica, sans-serif;\">④不寫個人的思想(想法及評論)。</span><br /><span style=\"font-size: 14pt; font-family: arial, helvetica, sans-serif;\">⑤在LINE上提出關於家庭或煩惱等問題，日後由講師回答並指導。</span></p>\n<p><span style=\"font-size: 14pt; font-family: arial, helvetica, sans-serif;\">&nbsp;&nbsp;★若有無視或違反規定的情況，由LINE群組負責人通知當事者，當事者若不刪除(收回)發言，則進行強制退出成員的處分。</span></p>\n</td>\n</tr>\n<tr>\n<td style=\"width: 100%;\">\n<p><span style=\"font-family: arial, helvetica, sans-serif;\"><strong><span style=\"font-size: 14pt; color: #0003ff;\">※加入群組通話的說明及注意事項：</span></strong></span></p>\n<p><span style=\"font-family: arial, helvetica, sans-serif;\"><img src=\"http://www.seicho-no-ie.org.tw/php/picture/2019-12-21_23-23-56.jpg\" /></span></p>\n</td>\n</tr>\n</tbody>\n</table>');

-- --------------------------------------------------------

--
-- 資料表結構 `page_group`
--

CREATE TABLE `page_group` (
  `id` bigint(20) NOT NULL COMMENT '流水號',
  `group_name` varchar(50) NOT NULL COMMENT '群組名稱',
  `page_sort` text NOT NULL COMMENT '內頁順序'
) ENGINE=InnoDB DEFAULT CHARSET=utf8;

--
-- 傾印資料表的資料 `page_group`
--

INSERT INTO `page_group` (`id`, `group_name`, `page_sort`) VALUES
(1, '首頁', ''),
(2, '主要行事活動', '[5,20,38,45,46,47,68,69]'),
(3, '關於生長之家', '[2,3,6,44]'),
(5, '出版部', '[49,50,53,51]'),
(6, '環境保護', '[57,56,58,59,60]'),
(7, '聖使命會', '[71,62,63]'),
(8, '神癒祈願及寫經祈願', ''),
(9, '祖先供養', ''),
(11, '地方講師', ''),
(12, '相關連結', ''),
(19, '網站設置規範', '[74]');

-- --------------------------------------------------------

--
-- 資料表結構 `user`
--

CREATE TABLE `user` (
  `id` bigint(20) NOT NULL COMMENT '流水號',
  `account` varchar(50) NOT NULL COMMENT '帳號',
  `pwd` varchar(50) NOT NULL COMMENT '密碼',
  `identity` int(11) NOT NULL COMMENT '1.管理者',
  `user_name` varchar(50) NOT NULL COMMENT '暱稱'
) ENGINE=MyISAM DEFAULT CHARSET=utf8;

--
-- 傾印資料表的資料 `user`
--

INSERT INTO `user` (`id`, `account`, `pwd`, `identity`, `user_name`) VALUES
(1, 'test123', 'test123', 1, '測試帳號'),
(2, 'test456', 'test456', 1, '測試帳號');

-- --------------------------------------------------------

--
-- 資料表結構 `user_token`
--

CREATE TABLE `user_token` (
  `user_id` bigint(20) NOT NULL COMMENT '使用者ID',
  `token` varchar(255) NOT NULL COMMENT '一次性Token',
  `expire_time` datetime NOT NULL COMMENT '過期時間'
) ENGINE=MyISAM DEFAULT CHARSET=utf8;

--
-- 傾印資料表的資料 `user_token`
--

INSERT INTO `user_token` (`user_id`, `token`, `expire_time`) VALUES
(2, '3a3ea00cfc35332cedf6e5e9a32e94da', '2019-12-24 16:23:38'),
(1, '21c2e59531c8710156d34a3c30ac81d5', '2019-12-25 09:34:02');

-- --------------------------------------------------------

--
-- 資料表結構 `web_config`
--

CREATE TABLE `web_config` (
  `id` int(11) NOT NULL COMMENT '流水號',
  `data_key` varchar(50) NOT NULL COMMENT 'Key',
  `data_value` text NOT NULL COMMENT '值'
) ENGINE=InnoDB DEFAULT CHARSET=utf8;

--
-- 傾印資料表的資料 `web_config`
--

INSERT INTO `web_config` (`id`, `data_key`, `data_value`) VALUES
(1, 'web_title', '生長之家'),
(2, 'web_sub_title', '一句簡單的感謝'),
(3, 'page_group_sort', '[1,3,2,5,6,7,8,9,11,12,19]');

--
-- 已傾印資料表的索引
--

--
-- 資料表索引 `carousel`
--
ALTER TABLE `carousel`
  ADD PRIMARY KEY (`id`);

--
-- 資料表索引 `marquee`
--
ALTER TABLE `marquee`
  ADD PRIMARY KEY (`id`);

--
-- 資料表索引 `page_content`
--
ALTER TABLE `page_content`
  ADD PRIMARY KEY (`id`);

--
-- 資料表索引 `page_group`
--
ALTER TABLE `page_group`
  ADD PRIMARY KEY (`id`);

--
-- 資料表索引 `user`
--
ALTER TABLE `user`
  ADD PRIMARY KEY (`id`),
  ADD KEY `account` (`account`);

--
-- 資料表索引 `user_token`
--
ALTER TABLE `user_token`
  ADD PRIMARY KEY (`user_id`);

--
-- 資料表索引 `web_config`
--
ALTER TABLE `web_config`
  ADD PRIMARY KEY (`id`);

--
-- 在傾印的資料表使用自動遞增(AUTO_INCREMENT)
--

--
-- 使用資料表自動遞增(AUTO_INCREMENT) `carousel`
--
ALTER TABLE `carousel`
  MODIFY `id` bigint(20) NOT NULL AUTO_INCREMENT COMMENT '流水號', AUTO_INCREMENT=40;

--
-- 使用資料表自動遞增(AUTO_INCREMENT) `marquee`
--
ALTER TABLE `marquee`
  MODIFY `id` bigint(20) NOT NULL AUTO_INCREMENT COMMENT '流水號', AUTO_INCREMENT=10;

--
-- 使用資料表自動遞增(AUTO_INCREMENT) `page_content`
--
ALTER TABLE `page_content`
  MODIFY `id` bigint(20) NOT NULL AUTO_INCREMENT COMMENT 'æµæ°´è™Ÿ', AUTO_INCREMENT=76;

--
-- 使用資料表自動遞增(AUTO_INCREMENT) `page_group`
--
ALTER TABLE `page_group`
  MODIFY `id` bigint(20) NOT NULL AUTO_INCREMENT COMMENT '流水號', AUTO_INCREMENT=20;

--
-- 使用資料表自動遞增(AUTO_INCREMENT) `user`
--
ALTER TABLE `user`
  MODIFY `id` bigint(20) NOT NULL AUTO_INCREMENT COMMENT '流水號', AUTO_INCREMENT=3;

--
-- 使用資料表自動遞增(AUTO_INCREMENT) `web_config`
--
ALTER TABLE `web_config`
  MODIFY `id` int(11) NOT NULL AUTO_INCREMENT COMMENT '流水號', AUTO_INCREMENT=4;
COMMIT;

/*!40101 SET CHARACTER_SET_CLIENT=@OLD_CHARACTER_SET_CLIENT */;
/*!40101 SET CHARACTER_SET_RESULTS=@OLD_CHARACTER_SET_RESULTS */;
/*!40101 SET COLLATION_CONNECTION=@OLD_COLLATION_CONNECTION */;
